vocabulary,romaji,reading,meaning
愛情,aijou,ไอโจ,ความรัก
合図,aizu,ไอซุ,"สัญญาณ, สัญลักษณ์"
アイスクリーム,aisukuriimu,ไอสุคุรีมุ,ไอศกรีม
愛する,ai suru,ไอ ซุรุ,รัก
相手,aite,ไอเทะ,"คู่สนทนา, ฝ่ายตรงข้าม"
あいにく,ainiku,ไอนิคุ,"โชคร้าย, โชคไม่ดี"
あいまい,aimai,ไอไม,"คลุมเครือ, กํากวม"
アイロン,airon,ไอรน,เตารีด
アイロン台,airondai,ไอรนได,ที่รองสําหรับรีดผ้า
アウトバーン,autobaan,อะอุโตะบาน,ทางพิเศษ
明かり,akari,อะคะริ,"แสง, แสงสว่าง"
空き,aki,อะคิ,"ว่าง, ช่องว่าง, ที่ว่าง"
明らかな,akiraka na,อะคิระคะ นะ,"แจ่มแจ้ง,ชัดเจน"
諦める,akirameru,อะคิระเมะรุ,"ตัดใจ, เลิกหวัง"
飽きる,akiru,อะคิรุ,"เบื่อ, จําเจ"
握手する,akushu suru,อะคุชุ ซุรุ,จับมือทักทาย
アクセル,akuseru,อะคุเสะรุ,คันเร่งรถยนต์
悪魔,akuma,อะคุมะ,ภูตผีปีศาจ
明ける,akeru,อะเคะรุ,"สว่าง, (เวลา)สิ้นสุด"
あこがれる,akogareru,อะโคะงะเระรุ,หลงใหลใฝ่ฝัน
明日,ashita,อะชิตะ,พรุ่งนี้
味見,ajimi,อะจิมิ,การชิม(อาหาร)
預ける,azukeru,อะซุเคะรุ,ฝาก
汗,ase,อะเสะ,เหงื่อ
与える,ataeru,อะตะเอะรุ,"ให้(โอกาส), ส่งผลให้"
暖かい,atatakai,อะตะตะไค่,(อากาศ) อุ่น
温かい,atatakai,อะตะตะไค่,(สิ่งของ) อุ่น
暖める,atatameru,อะตะตะเมะรุ,ทํา...ให้อุ่น
温める,atatameru,อะตะตะเมะรุ,อุ่น(อาหาร)
辺り,atari,อะตะริ,"แถวๆ ,รอบๆ"
当たる,ataru,อะตะรุ,"โดน, ถูก(รางวัล),ตรงกับ, เท่ากับ"
あちこち,achikochi,อะจิโคะจิ,ที่โน่นที่นี่
扱う,atsukau,อะทสึคะอุ,"จัดการ, รับมือ"
集まり,atsumari,อะทสึมะริ,"การชุมนุม, การรวมกลุ่ม"
宛先,atesaki,อะเทะสะคิ,ที่อยู่ของผู้รับ
宛名,atena,อะเทะนะ,ชื่อผู้รับ
跡,ato,อะโตะ,"รอย, ร่องรอย"
アドレス,adoresu,อะโดะเระสุ,ที่อยู่
穴,ana,อะนะ,รู
アナウンスする,anaunsu suru,อะนะอุนสุ ซุรุ,ประกาศ
あばれる,abareru,อะบะเระรุ,"อาละวาด, คลั่ง"
浴びる,abiru,อะบิรุ,อาบ(นํ้า)
溢れる,afureru,อะฟุเระรุ,"ท่วม, ล้น, นอง, เจิ่ง"
雨戸,amado,อะมะโดะ,แผงกั้นประตูหรือหน้าต่างกันลมหรือฝน
余り,amari,อะมะริ,ไม่ค่อยจะ...
甘やかす,amayakasu,อะมะยะคะสุ,เลี้ยงดูแบบตามใจ
網戸,amido,อะมิโดะ,มุ้งลวด
怪しい,ayashii,อะยะชี่,"น่าสงสัย, มีพิรุธ"
誤り,ayamari,อะยะมะริ,การทําผิด
粗い,arai,อะไร,"คร่าวๆ, โดยสังเขป"
嵐,arashi,อะระชิ,พายุ
新た,arata,อะระตะ,"ใหม่, ทําอีกครั้ง"
あらゆる,arayuru,อะระยุรุ,"ทั้งหมด, ทั้งสิ้น"
表わす,arawasu,อะระวะสุ,แสดงออกมา
現す,arawasu,อะระวะสุ,ปรากฏตัว
ありがとう,arigatou,อะริงะโต,ขอบคุณ
あるいは,aruiwa,อะรุยวะ,"หรือว่า,หรือไม่ก็"
アルバム,arubamu,อะรุบะมุ,อัลบั้ม
アルミホイル,arumihoiru,อะรุมิโฮะอิรุ,ล้อแม็ก
アレルギー,arerugii,อะเระรุงี,โรคภูมิแพ้
泡,awa,อะวะ,"ฟอง, โฟม"
合わせる,awaseru,อะวะเสะรุ,รวมกันเป็นหนึ่ง
哀れな,aware na,อะวะเระ นะ,"น่าสงสาร, น่าเวทนา"
案,an,อัน,ร่าง
暗記,anki,อันคิ,การท่องจํา
暗証番号,anshoubangou,อันโชบังโง,รหัสเอทีเอ็ม
安定性,anteisei,อันเตเซ,ความเสถียร
安定な,antei na,อันเต นะ,"มั่นคง, เสถียร"
アンテナ,antena,อันเทะนะ,เสาอากาศ
あんまり,anmari,อันมะริ,ไม่ค่อยจะ…
胃,i,อิ,กระเพาะอาหาร
いい加減,iikagen,อี้คะเง็น,"พอดี, พอเหมาะ"
言い直す,iinaosu,อีนะโอะสุ,พูดใหม่
委員,i-in,อิอิน,กรรมการ
委員会,i-inkai,อิอินไค,คณะกรรมการ
行き,iki,อิคิ,ขาไป
息,iki,อิคิ,ลมหายใจ
勢い,ikioi,อิคิโอย,"พละกําลัง, เรี่ยวแรง"
いきなり,ikinari,อิคินะริ,อยู่ ๆ ก็
生き物,ikimono,อิคิโมะโนะ,สิ่งมีชีวิต
育児,ikuji,อิคุจิ,การเลี้ยงดูลูก
いけない,ikenai,อิเคะไน่,"ต้องทํา,ไม่ดี"
イコール,ikooru,อิโครุ,"เท่ากับ, เท่ากัน"
医師,ishi,อิชิ,อาจารย์หมอ
意思,ishi,อิชิ,ความตั้งใจ
意志,ishi,อิชิ,ความมุ่งมั่น
維持,iji,อิจิ,การบํารุงรักษา
意識,ishiki,อิชิคิ,"ความสํานึก, สติ"
異常,ijou,อิโจ,ความผิดปกติ
意地悪な,ijiwaru na,อิจิวะรุ นะ,ชอบกลั่นแกล้ง
泉,izumi,อิซุมิ,นํ้าพุ
以前,izen,อิเซ็น,"ก่อนหน้านี้, แต่ก่อน"
板,ita,อิตะ,"แผ่นกระดาน, แผ่นไม้"
偉大,idai,อิได,ความยิ่งใหญ่
抱く,idaku,อิดะคุ,"อุ้ม, กอด"
いたずらな,itazura na,อิตะซุระ นะ,"ซุกซน, เกเร"
頂く,itadaku,อิตะดะคุ,"กิน, รับ(คําถ่อมตัว)"
痛み,itami,อิตะมิ,ความเจ็บปวด
痛める,itameru,อิตะเมะรุ,ทําให้เจ็บปวด
至る,itaru,อิตะรุ,ไปถึง
位置,ichi,อิจิ,"ที่ตั้ง,ตําแหน่งที่ตั้ง"
一度に,ichido ni,อิจิโดะ นิ,ในครั้งเดียว
いつか,itsuka,อิทสึคะ,สักวันหนึ่ง
一家,ikka,อิคคะ,"ตระกูล, ผู้มีอํานาจ"
一気に,ikki ni,อิคคิ นิ,รวดเดียว
一昨日,issakujitsu,อิสสะคุจิทสึ,เมื่อวานซืน
一昨年,issakunen,อิสสะคุเนน,สองปีที่แล้ว
一遍に,ippen ni,อิปเป็น นิ,"รวดเดียว, คราวเดียว"
一方通行,ippoutsuukou,อิปโปซือโค,การเดินรถทางเดียว
移動,idou,อิโด,การเคลื่อนย้าย
従兄弟,itoko,อิโตะโคะ,ญาติพี่น้อง
居眠り,inemuri,อิเนะมุริ,การสัปหงก
命,inochi,อิโนะจิ,ชีวิต
違反,ihan,อิฮัง,"ผิดกฎ, ฝ่าฝืน"
いびき,ibiki,อิบิคิ,กรน
衣服,ifuku,อิฟุคุ,"เสื้อผ้า, เครื่องแต่งกาย"
居間,ima,อิมะ,ห้องนั่งเล่น
今に,imani,อิมะนิ,"แม้จนทุกวันนี้, ในไม่ช้า"
今にも,imanimo,อิมะนิโมะ,เร็วๆ นี้
嫌な,iya na,อิยะ นะ,"ไม่ชอบ, เกลียด"
嫌がる,iyagaru,อิยะงะรุ,รังเกียจ
イヤリング,iyaringu,อิยะริงงุ,ต่างหู
依頼,irai,อิไร,"การขอร้อง,การไหว้วาน"
以来,irai,อิไร,หลังจากนี้ไป
イライラする,iraira suru,อิระอิระ ซุรุ,หงุดหงิด
医療,iryou,อิเรียว,การรักษาพยาบาล
岩,iwa,อิวะ,โขดหิน
祝い,iwai,อิไว,ของขวัญ
祝う,iwau,อิวะอุ,"ฉลอง, อวยพร"
いわゆる,iwayuru,อิวะยุรุ,ที่เรียกกันว่า
印鑑,inkan,อิงคัง,ตราประทับ
インク,inku,อิงคุ,หมึก
印刷,insatsu,อินสะทสึ,"พิมพ์,ปรินท์"
印刷機,insatsuki,อินสะทสึคิ,"เครื่องพิมพ์,ปรินท์เตอร์"
印象,inshou,อินโช,ความประทับใจ
インストール,insutooru,อินสุโตรุ,การติดตั้ง
引退,intai,อินไต,"การออกจากวงการ,การถอนตัว"
インフルエンザ,infuruenza,อินฟุรุเอ็นซะ,ไข้หวัดใหญ่
引用,inyou,อินโย,การอ้างอิง
ウイスキー,uisukii,อุอิสุคี,วิสกี้
ウール,uuru,อูรุ,ผ้าที่ทอจากขนสัตว์
ウェーター,ueetaa,อุเอทา,พนักงานเสิร์ฟชาย
ウェートレス,ueetoresu,อุเอโทะเระสุ,พนักงานเสิร์ฟหญิง
魚,uo,อุโอะ,ปลา
うがい,ugai,อุไง,"กลั้วคอ, บ้วนปาก"
受かる,ukaru,อุคะรุ,"สอบได้, สอบติด"
浮く,uku,อุคุ,ลอย
受け取る,uketoru,อุเคะโทะรุ,รับเอาไว้
動かす,ugokasu,อุโงะคะสุ,เคลื่อนย้าย
兎,usagi,อุซะงิ,กระต่าย
牛,ushi,อุชิ,วัว
失う,ushinau,อุชินะอุ,สูญเสีย
後ろ,ushiro,อุชิโระ,ข้างหลัง
薄暗い,usugurai,อุสุกุไร,"ทึมๆ, ครึ้มๆ, มืดๆ"
嘘つき,usotsuki,อุโสะทสึคิ,คนโกหก
疑う,utagau,อุตะงะอุ,สงสัย
内側,uchigawa,อุจิงะวะ,"ภายใน, ด้านใน"
宇宙,uchuu,อุจู,จักรวาล
うっかり,ukkari,อุคคะริ,พลั้งเผลอ
撃つ,utsu,อุทสึ,โจมตี
移す,utsusu,อุทสึสุ,"ย้ายออกไป, โอน"
訴える,uttaeru,อุตตะเอะรุ,ฟ้องร้อง
唸る,unaru,อุนะรุ,คําราม
奪う,ubau,อุบะอุ,"แย่งเอาไป, ช่วงชิง"
馬,uma,อุมะ,ม้า
上手い,umai,อุไม่,เก่ง
生まれる,umareru,อุมะเระรุ,เกิด
梅,ume,อุเมะ,บ๊วย
埋める,umeru,อุเมะรุ,"ฝัง, กลบ, ถม"
裏返す,uragaesu,อุระกะเอะสุ,"พลิกด้าน, กลับด้าน"
裏切る,uragiru,อุระงิรุ,"หักหลัง,ทรยศ"
羨ましい,urayamashii,อุระยะมะชี่,อิจฉา
売り切れ,urikire,อุริคิเระ,การขายของจนหมด
売り切れる,urikireru,อุริคิเระรุ,ขายหมด
うるさい,urusai,อุรุไส้,"หนวกหู, น่ารําคาญ"
売れる,ureru,อุเระรุ,"ขายออก, ขายได้"
うろうろ,urouro,อุโระอุโระ,"ป้วนเปี้ยน, ด้อมๆมองๆ"
噂,uwasa,อุวะสะ,ข่าวลือ
運,un,อุน,โชค
運賃,unchin,อุนจิน,"ค่าโดยสาร, ค่าขนส่ง"
運転席,untenseki,อุนเต็นเสะคิ,ที่นั่งคนขับ
運転免許証,untenmenkyoshou,อุนเต็นเม็นเคียวโช,ใบขับขี่
エアコン,eakon,เอะอะคง,เครื่องปรับอากาศ
永遠,eien,เอเอ็น,"นิรันดร์, ตลอดกาล"
英会話,eikaiwa,เอไควะ,การสนทนาด้วยภาษาอังกฤษ
永久,eikyuu,เอคิว,"ถาวร,ตลอดกาล"
影響,eikyou,เอเคียว,"อิทธิพล, มีผลกระทบ"
営業,eigyou,เอเงียว,การดําเนินธุรกิจ
衛生,eisei,เอเซ,อนามัย
栄養,eiyou,เอโย,คุณค่าทางอาหาร
笑顔,egao,เอะงะโอะ,ใบหน้ายิ้มแย้ม
描く,egaku,เอะงะคุ,"วาด, เขียน(รูป)"
餌,esa,เอะสะ,"อาหารสัตว์, เหยื่อ"
エネルギー,enerugii,เอะเนะรุงี,พลังงาน
エプロン,epuron,เอะปุรน,ผ้ากันเปื้อน
偉い,erai,เอะไร่,ยิ่งใหญ่
得る,eru,เอะรุ,ได้รับ
宴会,enkai,เอ็นไค,"งานเลี้ยง, ปาร์ตี้"
延期,enki,เอ็นคิ,การเลื่อนกําหนด
演技,engi,เอ็งงิ,ทักษะการแสดง
援助,enjo,เอ็นโจะ,ความช่วยเหลือ
エンジン,enjin,เอ็นจิน,เครื่องยนต์
演説,enzetsu,เอ็นเซะทสึ,การปราศรัย
演奏,ensou,เอ็นโซ,การแสดงดนตรี
甥,oi,โอะอิ,หลานชาย
老いた,oita,โอยตะ,ชราภาพ
追い越す,oikosu,โอยโคะสุ,แซงขึ้นหน้า
追い付く,oitsuku,โอยทสึคุ,"ไล่ทัน, ตามทัน"
王,ou,โอ,"ราชา,เจ้า"
追う,ou,โอะอุ,"ไล่กวด, ไล่ตาม"
王様,ousama,โอสะมะ,"ราชา, กษัตริย์"
王子,ouji,โอจิ,เจ้าชาย
応じる,oujiru,โอจิรุ,"ตอบรับ, ตอบสนอง"
横断,oudan,โอดัน,"การข้าม(ถนน, แม่นํ้า)"
横断歩道,oudanhodou,โอดันโฮะโด,ทางม้าลาย
往復,oufuku,โอฟุคุ,ไปกลับ
オークション,ookushon,โอคุชน,การประมูลขายของ
終える,oeru,โอะเอะรุ,ทําให้เสร็จ
大い に,ooi ni,โอย นิ,"อย่างมาก, อย่างยิ่ง"
丘,oka,โอะคะ,เนิน
おかず,okazu,โอะคะซุ,กับข้าว
お気に入り,oki ni iri,โอะคิ นิ อิริ,ชอบ
奥,oku,โอะคุ,"ส่วนลึก, ข้างในสุด"
贈る,okuru,โอะคุรุ,ให้เป็นของขวัญ
おごる,ogoru,โอะโกะรุ,เลี้ยงอาหาร
幼い,osanai,โอะสะไน,"อ่อนเยาว์, ยังเป็นเด็ก"
収める,osameru,โอะสะเมะรุ,"เก็บ, บรรจุ, ได้มา"
おしゃべり,oshaberi,โอะชะเบะริ,การพูดคุยสัพเพเหระ
おしゃれ,oshare,โอะชะเระ,ตกแต่งอย่างงดงาม
お住い,isumai,โอะสุไม,"บ้านเรือน, ที่อยู่อาศัย"
汚染,osen,โอะเซ็น,มลภาวะ
恐らく,osoraku,โอะโสะระคุ,อาจจะ
恐れる,osoreru,โอะโสะเระรุ,กลัว
恐ろしい,osoroshii,โอะโสะโระชี่,น่ากลัว
教わる,osowaru,โอะโสะวะรุ,"เรียน, ได้รับการสั่งสอนจาก"
お互い に,otagai ni,โอะตะไง นิ,ซึ่งกันและกัน
穏やかな,odayaka na,โอะดะยะคะ นะ,"สงบ, เยือกเย็น"
落ち着く,ochitsuku,โอะจิทสึคุ,"อยู่ตัว, สบายๆ"
おつまみ,otsumami,โอะทสึมะมิ,กับแกล้มเหล้า
お年寄り,otoshiyori,โอะโทะชิโยะริ,คนแก่
大人しい,otonashii,โอะโตะนะชี่,"สงบเสงี่ยม, ว่าง่าย"
お腹,onaka,โอะนะคะ,ท้อง
おなら,onara,โอะนะระ,ผายลม
鬼,oni,โอะนิ,ยักษ์
おば,oba,โอะบะ,ป้า
帯,obi,โอะบิ,สายรัดเอวของชุดกิโมโน
お昼,ohiru,โอะฮิรุ,ตอนกลางวัน
オフィス,ofisu,โอะฟิสุ,"สํานักงาน, ออฟฟิส"
お前,omae,โอะมะเอะ,"นาย, แก"
おめでとう,omedetou,โอะเมะเดะโต,ขอแสดงความยินดี
お目にかかる,ome ni kakaru,โอะเมะ นิ คะคะรุ,"พบ, เจอ(เป็นกริยาถ่อมตัว)"
思い出,omoide,โอะโมยเดะ,ความทรงจํา
主に,omo ni,โอะโมะ นิ,เป็นส่วนใหญ่
思わず,omowazu,โอะโมะวะซุ,โดยไม่ได้ตั้งใจ
親,oya,โอะยะ,พ่อแม่
およそ,oyoso,โอะโยะโสะ,"ประมาณ, คร่าวๆ"
及ぼす,oyobosu,โอะโยะโบะสุ,มีผลกระทบถึง
居る,oru,โอะรุ,"อยู่, มี(เป็นรูปถ่อมตัว)"
下ろす,orosu,โอะโระสุ,"เอาลง,ยกลง"
降ろす,orosu,โอะโระสุ,"ให้ลง(จากรถ), ยกลง"
終わり,owari,โอะวะริ,"ตอนจบ, จบ"
音,oto,โอะโตะ,เสียง(ทั่วๆไป)
恩,on,อง,บุญคุญ
温暖,ondan,อนดัน,อากาศอบอุ่น
温度,ondo,อนโดะ,อุณหภูมิ
おんぶする,onbu suru,อนบุ ซุรุ,"แบกไว้ที่หลัง, ให้ขี่หลัง"
カード,kaado,คาโดะ,"การ์ด, บัตรอวยพร"
カーナビ,kaanabi,คานะบิ,ระบบบอกเส้นทางรถยนต์
カーペット,kaapetto,คาเป็ตโตะ,พรม
会員,kai-in,ไคอิน,สมาชิก
絵画,kaiga,ไคงะ,ภาพวาด
改行,kaigyou,ไคเงียว,การขึ้นบรรทัดใหม่
会計,kaikei,ไคเค,"การทําบัญชี, การคิดเงิน"
解決,kaiketsu,ไคเคะทสึ,การแก้ไขปัญหา
会合,kaigou,ไคโง,"การพบปะเจรจา,การประชุมหารือ"
外交,gaikou,ไกโค,การทูตระหว่างประเทศ
改札口,kaisatsuguchi,ไคสะทสึกุจิ,ทางเข้าชานชลา
開始,kaishi,ไคชิ,การเริ่ม
外出,gaishutsu,ไกชุทสึ,การออกไปข้างนอก
外食,gaishoku,ไกโชะคุ,การทานข้าวนอกบ้าน
回数券,kaisuuken,ไคซูเค็ง,ตั๋วที่กําหนดจํานวนครั้งใช้
改善,kaizen,ไคเซ็น,การปรับปรุง
快適な,kaiteki na,ไคเตะคิ นะ,(อยู่)สบาย
回復,kaifuku,ไคฟุคุ,การคืนสภาพเดิม
飼う,kau,คะอุ,เลี้ยง(สัตว์)
替える,kaeru,คะเอะรุ,เปลี่ยนใหม่
換える,kaeru,คะเอะรุ,"สับเปลี่ยน,แลกเปลี่ยน"
香り,kaori,คะโอะริ,กลิ่นหอม
画家,gaka,กะคะ,จิตรกร
抱える,kakaeru,คะคะเอะรุ,"อุ้ม, กอด"
価格,kakaku,คะคะคุ,ราคา
化学,kagaku,คะงะคุ,เคมี
輝く,kagayaku,คะงะยะคุ,"เป็นประกาย, แวววาว"
係り,kakari,คะคะริ,"เกี่ยวข้อง, สัมพันธ์"
係り員,kakari-in,คะคะริอิน,"เจ้าหน้าที่, กรรมการ"
鍵,kagi,คะงิ,กุญแจ
書き取り,kakitori,คะคิโทะริ,"การคัดลอก, การจด"
書き直す,kakinaosu,คะคินะโอะสุ,เขียนแก้ไขใหม่
飾る,kazaru,คะซะรุ,"ประดับ, ตกแต่ง"
描く,kaku,คะคุ,วาด (รูป)
家具,kagu,คะงุ,เฟอร์นิเจอร์
各駅停車,kakuekiteisha,คะคุเอะคิเทชะ,รถไฟที่จอดทุกสถานี
学者,gakusha,กะคุชะ,นักวิชาการ
学習,gakushuu,กะคุชู,การศึกษาเล่าเรียน
隠す,kakusu,คะคุสุ,"ซ่อน, ปิดบัง"
拡大,kakudai,คะคุได,"การแพร่, การขยาย"
学年,gakunen,กะคุเน็น,ปีการศึกษา
学費,kakuhi,กะคุฮิ,ค่าเล่าเรียน
影,kage,คะเงะ,เงา
欠ける,kakeru,คะเคะรุ,"แหว่ง,ขาด (ไม่ครบ)"
加減,kagen,คะเง็น,"การปรับระดับ,ปริมาณให้พอดี"
過去,kako,คะโคะ,อดีต
籠,kago,คะโงะ,ตะกร้า
囲む,kakomu,คะโคะมุ,ล้อมรอบ
菓子,kashi,คะชิ,ขนม
家事,kaji,คะจิ,งานบ้าน
火事,kaji,คะจิ,ไฟไหม้
賢い,kashikoi,คะชิโค่ย,ฉลาด
歌手,kashu,คะชุ,นักร้อง
ガスコンロ,gasukonro,กะสุคนโระ,เตาแก๊ส
ガスレンジ,gasurenji,กะสุเรนจิ,เตาแก๊ส
数,kazu,คะซุ,"ตัวเลข,จํานวน"
稼ぐ,kasegu,คะเสะงุ,หาเงิน
数える,kazoeru,คะโซะเอะรุ,นับจํานวน
肩,kata,คะตะ,"บ่า, ไหล่"
型,kata,คะตะ,"แบบ, ทรง, รุ่น"
固い,katai,คะไต้,"แข็ง, แน่นแหนา"
片付く,katazuku,คะตะซึคุ,สะสาง
片道,katamichi,คะตะมิจิ,เที่ยวเดียว
語る,kataru,คะตะรุ,"กล่าวถึง, เล่าบรรยาย"
勝ち,kachi,คะจิ,ชนะ
価値,kachi,คะจิ,"ค่า, คุณค่า, ราคา"
学科,gakka,กัคคะ,"สาขาวิชา, ภาควิชา"
がっかり,gakkari,กัคคะริ,"ผิดหวัง, ท้อแท้"
活気,kakki,คัคคิ,ความมีชีวิตชีวา
学期,gakki,กัคคิ,เทอมการศึกษา
楽器,gakki,กัคคิ,เครื่องดนตรี
学級,gakkyuu,กัคคิว,ระดับชั้นเรียน
格好いい,kakkou ii,คัคโค อี้,เท่ห์
活動,katsudou,คะทสึโด,"กิจกรรม, การกระทํา"
カップ,kappu,คัปปุ,"ถ้วยมีหู, ถ้วยรางวัล"
カップル,kappuru,คัปปุรุ,"คู่หนุ่มสาว,คู่สามีภรรยา,คู่รัก"
悲しむ,kanashimu,คะนะชิมุ,"เศร้าโศก, เสียใจ"
必ずしも,kanarazushimo,คะนะระซุชิโมะ,ไม่แน่เสมอไปว่า (ใช้ในรูปปฏิเสธ)
かなり,kanari,คะนะริ,"ทีเดียว, ค่อนข้าง"
金,kane,คะเนะ,"เงิน, ทอง"
金持ち,kanemochi,คะเนะโมะจิ,"คนรวย, เศรษฐี"
可能な,kanou na,คะโน นะ,เป็นไปได้
可能性,kanousei,คะโนเซ,ความเป็นไปได้
彼女,kanojo,คะโนะโจะ,"หล่อน, เธอ"
黴,kabi,คะบิ,เชื้อรา
株,kabu,คะบุ,หุ้น
被せる,kabusetu,คะบุเสะรุ,"คลุม, ปิดทับ, กลบ"
被る,kaburu,คะบุรุ,สวม (หมวก)
花粉症,kafunshou,คะฟุนโช,โรคแพ้เกสรดอกไม้
構う,kamau,คะมะอุ,"ใส่ใจ, สนใจ, แคร์"
我慢する,gaman suru,กะมัง ซุรุ,อดทน
神,kami,คะมิ,พระเจ้า
雷,kaminari,คะมินะริ,"สายฟ้า, ฟ้าร้อง"
髪の毛,kami no ke,คะมิ โนะ เคะ,เส้นผม
画面,gamen,กะเม็ง,"จอภาพ, จอทีวี"
科目,kamoku,คะโมะคุ,วิชา
かもしれない,kamoshirenai,คะโมะชิเระไน่,"บางที, อาจจะ"
痒い,kayui,คะยุ่ย,คัน
火曜日,kayoubi,คะโยบิ,วันอังคาร
空,kara,คะระ,ว่างเปล่า
柄,gara,กะระ,ลวดลาย
彼氏,kareshi,คะเระชิ,แฟน (ผู้ชาย)
彼ら,karera,คะเระระ,พวกเขา
枯れる,kareru,คะเระรุ,"เฉา,ตาย (ใช้กับพืช)"
カロリー,karorii,คะโระรี,แคลอรี่
がらがら,garagara,กะระกะระ,เสียงโครมคราม
空っぽ,karappo,คะรัปโปะ,"ว่างเปล่า, กลวง"
川,kawa,คะวะ,แม่นํ้า
河,kawa,คะวะ,แม่นํ้า
皮,kawa,คะวะ,เปลือก
革,kawa,คะวะ,ผิวหนัง
可愛がる,kawaigaru,คะวะอิงะรุ,"เอ็นดู, ให้ความเมตตา"
かわいそう,kawaisou,คะไวโซ่,น่าสงสาร
可愛らしい,kawairashii,คะวะอิระชี่,น่ารักน่าเอ็นดู
缶,kan,คัง,กระป๋อง
考え,kangae,คังงะเอะ,"การคิด, ความคิด"
感覚,kankaku,คังคะคุ,ความรู้สึกด้วยประสาทสัมผัส
観客,kankyaku,คังเคียะคุ,"ผู้ชม, ผู้ฟัง"
環境,kankyou,คังเคียว,สภาพแวดล้อม
環境問題,kankyoumondai,คังเคียวมนได,ปัญหาสิ่งแวดล้อม
歓迎,kangei,คังเง,การต้อนรับ
歓迎会,kangeikai,คังเงไค,งานเลี้ยงต้อนรับ
観光,kankou,คังโค,การท่องเที่ยว
観光客,kankoukyaku,คังโคเคียะคุ,นักท่องเทียว
観光地,kankouchi,คังโคจิ,สถานที่ท่องเที่ยว
看護士,kangoshi,คังโงะชิ,บุรุษพยาบาล
観察,kansatsu,คังสะทสึ,การสังเกต
感じ,kanji,คันจิ,ความรู้สึก
元日,ganjitsu,กันจิทสึ,วันขึ้นปีใหม่
感謝,kansha,คันชะ,ความรู้สึกขอบคุณ
患者,kanja,คันจะ,ผู้ป่วย
患者用ベッド,kanjayou beddo,คันจะโย เบ็ดโดะ,เตียงผู้ป่วย
感情,kanjou,คันโจ,"ความรู้สึก, อารมณ์"
勘定,kanjou,คันโจ,"การนับ, การคํานวณ"
勘定書,kanjousho,คันโจโชะ,"บิล, ใบเสร็จ"
感じる,kanjiru,คันจิรุ,รู้สึก
関心,kanshin,คันชิน,ความสนใจ
感心,kanshin,คันชิน,ความชื่นชม
関する,kan suru,คัง ซุรุ,เกี่ยวกับ
完成,kansei,คันเซ,การทําให้เสร็จสมบูรณ์
完成品,kanseihin,คันเซฮิน,สินค้าสําเร็จรูป
完全,kanzen,คันเซ็น,สมบูรณ์แบบ
元旦,gantan,กันตัน,วันปีใหม่
感動,kandou,คังโด,ความซาบซึ้ง
カンニング,kanningu,คังนิงงุ,การทุจริตในการสอบ
乾杯,kanpai,คัมไป,ไชโย
管理,kanri,คังริ,"การควบคุม,การจัดการ"
管理者,kanrisha,คังริชะ,"ผู้ดูแล, ผู้ควบคุม"
管理する,kanri suru,คังริ ซุรุ,ควบคุมดูแล
完了,kanryou,คังเรียว,การเสร็จสมบูรณ์
関連,kanren,คังเร็น,"ความเกี่ยวข้อง,ความเกี่ยวเนื่อง"
キーボード,kiiboodo,คีโบโดะ,คีย์บอร์ด
議員,gi-in,กิอิน,สมาชิกสภา
記憶,kioku,คิโอะคุ,ความทรงจํา
気温,ki-on,คิอง,อุณหภูมิ
議会,gikai,กิไค,สภาผู้แทนราษฎร
着替え,kigae,คิงะเอะ,การเปลี่ยนเสื้อผ้า
着替える,kigaeru,คิงะเอะรุ,เปลี่ยนเสื้อผ้า
期間,kikan,คิคัง,"ช่วงเวลา, ระยะเวลา"
機関,kikan,คิคัง,"เครื่องจักร,เครื่องยนต์"
聞き取り,kikitori,คิคิโทะริ,การฟังจับใจความ
企業,kigyou,คิเงียว,"ธุรกิจ, กิจการ"
利く,kiku,คิคุ,"มีผล, ใช้ได้ผล"
効く,kiku,คิคุ,"ได้ผล, มีประสิทธิภาพ"
期限,kigen,คิเง็น,กําหนดเวลา
機嫌,kigen,คิเง็น,อารมณ์
機構,kikou,คิโค,"เครื่องกลไก,โครงสร้าง"
気候,kikou,คิโค,สภาพภูมิอากาศ
刻む,kizamu,คิซะมุ,"หั่นให้ละเอียด, สับ"
岸,kishi,คิชิ,"ชายฝั่ง, ชายหาด"
記事,kiji,คิจิ,"บทความ, ข่าวในหนังสือพิมพ์"
生地,kiji,คิจิ,"เนื้อแท้, เนื้อผ้า"
技師,gishi,คิจิ,วิศวกร
記者,kisha,คิชะ,ผู้สื่อข่าว
傷,kizu,คิซุ,แผล
気体,kitai,คิไต,ก๊าซ
期待,kitai,คิไต,การคาดหวัง
帰宅,kitaku,คิตะคุ,การกลับบ้าน
貴重,kichou,คิโจ,"ลํ้าค่า, มีค่า"
議長,gichou,กิโจ,ประธานที่ประชุม
きちんと,kichinto,คิจินโตะ,"อย่างดี, อย่างเรียบร้อย"
きつい,kitsui,คิซึ่ย,"คับ, แรง, แน่น"
気付く,kizuku,คิซึคุ,รู้ตัว
喫煙,kitsuen,คิทสึเอ็น,การสูบบุหรี่
喫煙所,kitsuenjo,คิทสึเอ็นโจะ,ที่สูบบุหรี่
喫煙席,kitsuenseki,คิทสึเอ็นเสะคิ,ที่นั่งแบบสูบบุหรี่ได้
気に入る,ki ni iru,คิ นิ อิรุ,"ชอบ, ถูกใจ"
記入,kinyuu,คินิว,การกรอกข้อมูล
記念,kinen,คิเน็น,ที่ระลึก
機能,kinou,คิโน,"ฟังก์ชั่น, หน้าที่การทํางาน"
気の毒,ki no doku,คิ โนะ โดะคุ,"น่าสงสาร, น่าเวทนา"
寄付,kifu,คิฟุ,การบริจาค
基本,kihon,คิฮน,พื้นฐาน
決まり,kimari,คิมะริ,ข้อกําหนด
気味,kimi,คิมิ,"คล้ายกับว่าจะเป็น,รู้สึกเหมือน..."
奇妙な,kimyou na,คิเมียว นะ,"แปลก, ประหลาด"
義務,gimu,กิมุ,หน้าที่
疑問,gimon,กิมง,"ข้อสงสัย, คําถาม"
逆,gyaku,เกียะคุ,"กลับกัน, ตรงกันข้าม"
キャッシュカード,kyasshukaado,เคียชชุคาโดะ,บัตรเงินสด
休暇,kyuuka,คิวคะ,ช่วงวันหยุด
休学,kyuugaku,คิวงะคุ,การลาพักการเรียน
休憩,kyuukei,คิวเค,การหยุดพัก
急激な,kyuugeki na,คิวเงะคิ นะ,"อย่างรวดเร็ว, อย่างกะทันหัน"
吸収,kyuushuu,คิวชู,ดูดซับ
救助,kyuujo,คิวโจะ,การให้ความช่วยเหลือ
休職,kyuushoku,คิวโชะคุ,การลาพักงานชั่วคราว
給食,kyuushoku,คิวโชะคุ,อาหารกลางวันที่ทางโรงเรียนจัดให้
急速な,kyuusoku na,คิวโสะคุ นะ,รวดเร็ว
急に,kyuu ni,คิว นิ,ทันทีทันใด
器用な,kiyou na,คิโย นะ,"ชํานาญ, คล่องแคล่ว"
教科,kyouka,เคียวคะ,"หลักสูตร, วิชา"
教科書,kyoukasho,เคียวคะโชะ,ตําราเรียน
競技,kyougi,เคียวงิ,การชิงชัย
行儀,gyougi,เงียวงิ,กริยามารยาท
供給,kyoukyuu,เคียวคิว,การป้อน (สินค้า) ให้
教師,kyoushi,เคียวชิ,ครู อาจารย์
教授,kyouju,เคียวจุ,ศาสตราจารย์
強調,kyouchou,เคียวโจ,การเน้น
共通,kyoutsuu,เคียวซือ,ร่วมกัน
共同,kyoudou,เคียวโด,สําหรับใช้ร่วมกัน
恐怖,kyoufu,เคียวฟุ,ความหวาดกลัว
協力,kyouryoku,เคียวเรียวคุ,ให้ความร่วมมือ
強力,kyouryoku,เคียวเรียวคุ,มีพลังแข็งแกร่ง
行列,gyouretsu,เงียวเระทสึ,แถว
許可,kyoka,เคียวคะ,"การขออนุญาต, คําอนุญาต"
許可者,kyokasha,เคียวคะชะ,คนอนุญาต
嫌う,kirau,คิระอุ,"ไม่ชอบ, เกลียด"
霧,kiri,คิริ,หมอก
ぎりぎり,girigiri,กิริกิริ,"ฉิวเฉียด, จวนเจียน"
切れ,kire,คิเระ,"ชิ้น,ชิ้นผ้า"
切れる,kireru,คิเระรุ,ขาด
キロ,kiro,คิโระ,"กิโลกรัม, กิโลเมตร"
記録,kiroku,คิโระคุ,"การจดบันทึก, การบันทึก"
議論,giron,กิรน,ข้อถกเถียง
銀,gin,กิน,"เงิน, เหรียญเงิน"
禁煙,kin-en,คิงเอ็น,ห้ามสูบบหรี่
禁煙席,kin-enseki,คิงเอ็นเสะคิ,ที่นั่งห้ามสูบบหรี่
禁煙タイム,kin-entaimu,คิงเอ็นไทมุ,เวลาห้ามสูบบุหรี่
金額,kingaku,คิงงะคุ,จํานวนเงิน
禁止,kinshi,คินชิ,การห้าม
近代,kindai,คินได,สมัยใหม่
緊張する,kinchou suru,คินโจ ซุรุ,"เครียด, ตื่นเต้นประหม่า"
筋肉,kinniku,คินนิคุ,กล้ามเนื้อ
勤務,kinmu,คินมุ,การปฏิบัติหน้าที่
クーラー,kuuraa,คูรา,เครื่องปรับอากาศ
食う,kuu,คุอุ,กิน (ไม่สุภาพ)
偶然,guuzen,กูเซ็น,"บังเอิญ, เผอิญ"
臭い,kusai,คุไส้,"เหม็น, เสีย, เน่า"
鎖,kusari,คุสะริ,โซ่
腐る,kusaru,คุสะรุ,"เน่า, บูด, ผุพัง"
くしゃみ,kushami,คุชะมิ,การจาม
崩す,kuzusu,คุซุสุ,ทลาย
崩れる,kuzureru,คุซุเระรุ,ล้มครืนลง
癖,kuse,คุเสะ,นิสัย
管,kuda,คุดะ,"ท่อ, หลอด"
下らない,kudaranai,คุดะระไน่,"ไร้สาระ, หยุมหยิม"
下り,kudari,คุดะริ,การลาดลง
下る,kudaru,คุดะรุ,"ลง, ตํ่าลงมา"
口紅,kuchibeni,คุจิเบะนิ,ลิปสติก
ぐっすり,gussuri,กุสสุริ,"หลับสนิท, หมดเกลี้ยง"
首になる,kubi ni naru,คุบิ นิ นะรุ,ถูกไล่ออก
区別,kubetsu,คุเบะทสึ,"การจําแนก, การแยกแยะ"
組,kumi,คุมิ,"หน่วย, คู่(ลักษณะนาม)"
組む,kumu,คุมุ,"ร่วมมือ, จัด, กอดอก"
曇,kumori,คุโมะริ,ท้องฟ้ามืดครึ้ม
位,kurai,คุไร,"ตําแหน่ง, ระดับ, ชั้น"
暮らし,kurashi,คุระชิ,การดําเนินชีวิต
クリーニング,kuriiningu,คุรีนิงงุ,"การซักรีด, ซักแห้ง"
繰り返し,kurikaeshi,คุริคะเอะชิ,การทําซํ้า
繰り返す,kurikaesu,คุริคะเอะสุ,ทําซํ้า ๆ
クリック,kurikku,คุริคคุ,"การกด, การคลิกปุ่ม"
グループ,guruupu,กุรูปุ,กลุ่ม
苦しい,kurushii,คุรุชี่,"ลําบาก, ทุกข์ทรมาน"
苦しむ,kurushimu,คุรุชิมุ,"ทุกข์, เจ็บปวด"
包む,kurumu,คุรุมุ,ห่อหุ้ม
暮,kure,คุเระ,"สิ้นปี, สิ้นฤดูกาล"
クレジットカード,kurejittokaado,คุเระจิตโตะคาโดะ,บัตรเครดิต
苦労,kurou,คุโร,ความลําบากเหนื่อยยาก
加える,kuwaeru,คุวะเอะรุ,"เพิ่ม, บวก"
詳しい,kuwashii,คุวะชี่,ละเอียด
敬意,kei-i,เคอิ,ความเคารพนับถือ
経営,keiei,เคเอ,การบริหารจัดการ
景気,keiki,เคคิ,สภาพเศรษฐกิจ
傾向,keikou,เคโค,แนวโน้ม
警告,keikoku,เคโคะคุ,การตักเตือน
計算,keisan,เคซัง,การคํานวณ
携帯電話,keitaidenwa,เคไตเด็งวะ,โทรศัพท์มือถือ
契約,keiyaku,เคยะคุ,สัญญา
下車,gesha,เกะชะ,การลงรถ
下旬,gejun,เกะจุน,ปลายเดือน (หลังวันที่21 เป็นต้นไป)
化粧,keshou,เคะโช,การแต่งหน้า
削る,kezuru,เคะซุรุ,"ตัดงบ, ลดลง"
けち,kechi,เคะจิ,ขี้เหนียว
結果,kekka,เคคคะ,ผลลัพธ์
欠陥,kekkan,เคคคัง,ข้อบกพร่อง
結局,kekkyoku,เคคเคียวคุ,"ในที่สุด, ผลสุดท้าย"
結構,kekkou,เคคโค,"ดี, ได้, พอสมควร"
決心,kesshin,เค็ชชิน,การติดสินใจ
欠席,kesseki,เค็สเสะคิ,การขาด (เรียนประชุม)
決定,kettei,เค็ตเต,"การกําหนด,การตัดสินใจ"
欠点,ketten,เค็ตเต็น,ข้อบกพร่อง
げっぷ,geppu,เก็ปปุ,การเรอ
月末,getsumatsu,เกะทสึมะทสึ,ปลายเดือน
結論,ketsuron,เคะทสึรน,"ข้อสรุป, ข้อยุติ"
煙い,kemui,เคะมุ่ย,มีควันคลุ้ง
煙たい,kumutai,เคะมุไต้,รู้สึกอึดอัดเพราะควัน
煙,kemuri,เคะมุริ,ควัน
険しい,kewashii,เคะวะชี่,"สูงชัน, ลาดชัน"
喧嘩,kenka,เค็งคะ,การทะเลาะวิวาท
見解,kenkai,เค็งไค,"ความคิดเห็น, ทัศนะ"
現金,genkin,เก็งคิน,เงินสด
言語,gengo,เก็นโงะ,ภาษา
言語学,gengogaku,เก็นโงะงะคุ,ภาษาศาสตร์
言語学者,gengogakusha,เก็นโงะงะคุชะ,นักภาษาศาสตร์
検査,kensa,เค็นสะ,การตรวจสอบ
現在,genzai,เก็นไซ,ปัจจุบัน
現実,genjitsu,เก็นจิทสึ,ความเป็นจริง
減尐,genshou,เก็นโช,การลดลง
現象,genshou,เก็นโช,ปรากฏการณ์
件数,kensuu,เค็งซู,จํานวนคดี
件名,kenmei,เค็มเม,"ชื่อเรื่อง, หัวข้อ"
恋,koi,โคย,ความรัก
恋人,koibito,โคยบิโตะ,"แฟน, คนรัก"
コインランドリー,koinrandorii,โคอินรันโดะรี,ร้านตู้ซักผ้าหยอดเหรียญ
幸運,kou-un,โคอุน,โชคดี
公演,kou-en,โคเอ็น,การแสดงต่อหน้าสาธารณชน
講演,kou-en,โคเอ็น,"การบรรยาย,การแสดงปาฐกถา"
効果,kouka,โคคะ,"ประสิทธิผล,ประโยชน์"
高価,kouka,โคคะ,ราคาแพง
硬貨,kouka,โคคะ,เงินเหรียญ
豪華な,gouka na,โกคะ นะ,"หรูหรา, โอ่อ่า"
合格,goukaku,โกคะคุ,การสอบผ่าน
合格発表,goukakuhappyou,โกคะคุฮัปเปียว,การประกาศผลเอนทรานซ์
交換,koukan,โคคัง,การแลกเปลี่ยน
後期,kouki,โคคิ,เทอมปลาย
講義,kougi,โคงิ,การบรรยาย
公共料金,koukyouryoukin,โคเคียวเรียวคิน,ค่าสาธารณูปโภค
航空,koukuu,โคคู,สายการบิน
光景,koukei,โคเค,"ทัศนียภาพ, ภาพที่เห็น"
合計,goukei,โกเค,"ยอดรวม, ผลรวม"
攻撃,kougeki,โคเงะคิ,"การโจมตี, การรุก"
貢献,kouken,โคเค็ง,การอุทิศตนเพื่อส่วนรวม
広告,koukoku,โคโคะคุ,การโฆษณา
口座,kouza,โคซะ,บัญชีธนาคาร
交際,kousai,โคไซ,การคบหาสมาคม
交差点,kousaten,โคสะเต็น,สี่แยก
工事,kouji,โคจิ,งานก่อสร้าง
高速道路,kousokudouro,โคโสะคุโดโระ,ทางด่วน
交通費,koutsuuhi,โคซือฮิ,ค่าเดินทาง
公立,kouritsu,โคริทสึ,การก่อตั้งโดยราชการ
超える,koeru,โคะเอะรุ,"เกิน, เหนือ, เลย"
コード,koodo,โคโดะ,"สายไฟ,สายโทรศัพท์"
氷,koori,โคริ,นํ้าแข็ง
凍る,kooru,โครุ,กลายเป็นนํ้าแข็ง
ゴール,gooru,โกรุ,"เส้นชัย, ผู้รักษาประตู"
誤解,gokai,โกะไค,การเข้าใจผิด
語学,gogaku,โกะงะคุ,ภาษาศาสตร์
呼吸,kokyuu,โคะคิว,การหายใจ
故郷,kokyuu,โคะคิว,บ้านเกิด
極,goku,โงะคุ,"มากที่สุด, สุดขั้ว"
国語,kokugo,โคะคุโงะ,ภาษาประจําชาติ
国内,kokunai,โคะคุไน,ภายในประเทศ
黒板,kokuban,โคะคุบัง,กระดานดํา
国立,kokuritsu,โคะคุริทสึ,...แห่งชาติ
焦げる,kogeru,โคะเงะรุ,"ไหม้, เกรียม"
個人,kojin,โคะจิน,"ส่วนบุคคล, ส่วนตัว"
越す,kosu,โคะสุ,เกิน
超す,kosu,โคะสุ,"ข้ามภูเขาหรือข้ามนํ้า,เลยเวลา"
擦る,kosuru,โคะสุรุ,ถู
国家,kokka,คคคะ,ประเทศชาติ
国会,kokkai,คคไค,รัฐสภา
小包,kozutsumi,โคะซึทสึมิ,พัสดุ
異なる,kotonaru,โคะโตะนะรุ,"แตกต่าง, ผิดแผก"
諺,kotowaza,โคะโตะวะซะ,"คําพังเพย, สุภาษิต"
断る,kotowaru,โคะโตะวะรุ,ปฏิเสธ
粉,kona,โคะนะ,"แป้ง, ผง"
好み,konomi,โคะโนะมิ,"ความชอบ, รสนิยม"
好む,konomu,โคะโนะมุ,"ชอบ, โปรดปราน"
零す,kobosu,โคะโบะสุ,ทําหก
零れる,koboreru,โคะโบะเระรุ,"หก, ไหล, เอ่อ, ล้น"
コピー,kopii,โคะปี,การถ่ายเอกสาร
小麦,komugi,โคะมุงิ,ข้าวสาลี
ごめんなさい,gomennasai,โกะเม็นนะไซ,ขอโทษ
小屋,koya,โคะยะ,"กระท่อม, ศาลา"
殺す,korosu,โคะโระสุ,ฆ่า
転ぶ,korobu,โคะโระบุ,"หกล้ม, กลิ้ง"
今回,konkai,คงไค,"ตอนนี้, konngakkiครั้งนี้"
今学期,kongakki,คงกัคคิ,เทอมการศึกษานี้
今後,kongo,คงโงะ,ตั้งแต่นี้เป็นต้นไป
混雑,konzatsu,คนซะทสึ,"ความแออัด, การเบียดเสียด"
コンセント,konsento,คนเซ็นโตะ,"ปลั๊กไฟ (ตัวเมีย),เต้าเสียบ"
婚約,konyaku,คนยะคุ,การหมั้น
混乱,konran,คนรัน,"ความสับสน, ความโกลาหล"
差,sa,สะ,ความแตกต่าง
サイズ,saizu,ไซซุ,ขนาด
サービス,saabisu,ซาบิสุ,"การบริการ,การให้บริการฟรี"
最高,saikou,ไซโค,สูงสุด
祭日,saijitsu,ไซจิทสึ,วันหยุดเทศกาล
財産,zaisan,ไซซัง,ทรัพย์สมบัติ
最終,saishuu,ไซชู,สุดท้าย
最中,saichuu,ไซจู,อยู่ในขณะ
最低,saitei,ไซเต,อย่างน้อยที่สุด
サイドミラー,saidomiraa,ไซโดะมิรา,กระจกข้าง
才能,sainou,ไซโน,พรสวรรค์
裁判,saiban,ไซบัง,"การพิจารณา, การสอบสวน"
採用,saiyou,ไซโย,"การนํามาใช้, การจ้างงาน"
材料,zairyou,ไซเรียว,วัตถุดิบ
幸い,saiwai,ไซไว,โชคดี
一昨昨日,sakiototoi,สะคิโอะโตะโตย,3 วันก่อน
昨日,sakijitsu,สะคุจิทสึ,เมื่อวานนี้ (ภาษาทางการ)
削除,sakujo,สะคุโจะ,การลบออก
昨年,sakunen,สะคุเน็น,ปีที่แล้ว
差出人,sashidashinin,สะชิดะชินิง,ผู้ส่ง
指す,sasu,สะสุ,ชี้
座席,zaseki,ซะเสะคิ,ที่นั่ง
札,satsu,สะทสึ,ธนบัตร
作家,sakka,สัคคะ,"นักเขียน, ผู้แต่ง"
ざっと,zatto,ซัตโตะ,"โดยย่อ, อย่างคร่าว ๆ"
砂漠,sabaku,สะบะคุ,ทะเลทราย
錆びる,sabiru,สะบิรุ,เป็นสนิม
差別,sabetsu,สะเบทสึ,การแบ่งแยก
サボる,saboru,สะโบะรุ,โดดเรียน
様々,samazama,สะมะซะมะ,ต่างๆ นาๆ
覚ます,samasu,สะมะสุ,"ปลุกให้ตื่น, ทําให้รู้ตัว"
冷ます,samasu,สะมะสุ,ทําให้ (ของ) เย็นลง
冷める,sameru,สะเมะรุ,"เย็นชืด, ปล่อยให้เย็น"
覚める,sameru,สะเมะรุ,ตื่น
左右,sayuu,สะยู,ซ้ายขวา
皿,sara,สะระ,จาน
サラリーマン,sarariiman,สะระรีมัง,พนักงานบริษัท
更に,sara ni,สะระ นิ,นอกจากนั้น
騒がしい,sawagashii,สะวะงะชี่,"เสียงดัง, จอแจ"
参加,sanka,ซังคะ,การเข้าร่วม
算数,sansuu,ซังซู,การคํานวน
仕上がる,shi-agaru,ชิอะงะรุ,เสร็จสมบูรณ์
仕上げる,shi-ageru,ชิอะเงะรุ,"ทําให้เสร็จ, สะสาง"
明明後日,shi-asatte,ชิอะสัตเตะ,วันถัดจากมะรืน
幸せな,shiawase na,ชิอะวะเสะ นะ,มีความสุข
シートベルト,shiitoberuto,ชีโตะเบะรุโตะ,เข็มขัดนิรภัย
ジーンズ,jiinzu,จีนซุ,กางเกงยีนส์
塩辛い,shio-karai,ชิโอะคะไร่,รสเค็ม
仕送り,shi-okuri,ชิโอะคุริ,การส่งเสีย
時間割,jikanwari,จิคังวะริ,ตารางสอน
時給,jikyuu,จิคิว,รายได้ต่อชั่วโมง
敶く,shiku,ชิคุ,ปู (ที่นอน)
刺激,shigeki,ชิเงะคิ,การกระตุ้น
資源,shigen,ชิเก็น,ทรัพยากร
事件,jiken,จิเค็ง,"เหตุการณ์, คดี"
時刻,jikoku,จิโคะคุ,เวลาตามตารางที่กําหนดไว้
時刻表,jikokuhyou,จิโคะคุเฮียว,"ตารางเวลารถออก,ตารางการบิน"
自殺,jisatsu,จิสะทสึ,การฆ่าตัวตาย
事実,jijitsu,จิจิทสึ,ข้อเท็จจริง
自習,jishuu,จิชู,การศึกษาด้วยตนเอง
支出,shishutsu,ชิชุทสึ,"การใช้จ่าย, ค่าใช้จ่าย"
次女,jijo,จิโจะ,ลูกสาวคนรอง
事情,jijou,จิโจ,"เรื่องราว, เหตุการณ์"
詩人,shijin,ชิจิน,"นักประพันธ์, นักกวี"
自身,jishin,จิชิน,"ตนเอง, โดยส่วนตัว"
沈む,shizumu,ชิซุมุ,"จม, ล่ม, ทรุด"
自然,shizen,ชิเซ็น,ธรรมชาติ
事前,jizen,จิเซ็น,ล่วงหน้า
時速,jisoku,จิโสะคุ,ความเร็วต่อชั่วโมง
舌,shita,ชิตะ,ลิ้น
下書き,shitagaki,ชิตะงะคิ,การร่างหนังสือ
親しい,shitashii,ชิตะชี่,สนิทสนม
失業,shitsugyou,ชิทสึเงียว,การว่างงาน
実験,jikken,จิคเค็ง,การทดลอง
実現,jitsugen,จิทสึเก็น,การดําเนินการจริง
しつこい,shitsukoi,ชิทสึโค่ย,ดื้อดึง
実行,jikkou,จิคโค,"การปฏิบัติ, การดําเนินการ"
じっと,jitto,จิตโตะ,จ้องเขม็ง
実に,jitsu ni,จิทสึ นิ,"จริงๆ, ที่จริง"
尻尾,shippo,ชิปโปะ,หาง
失望,shitsubou,ชิทสึโบ,ความหมดหวัง
指定する,shitei suru,ชิเต ซุรุ,"เลือก, กําหนด"
指定席,shiteiseki,ชิเตเสะคิ,ที่นั่งจอง
私鉄,shitetsu,ชิเทะทสึ,บริษัทเดินรถไฟเอกชน
支店,shiten,ชิเต็น,"ร้าน, สาขา"
指導,shidou,ชิโด,"คําสั่ง, การแนะนํา"
自動,jidou,จิโด,อัตโนมัติ
品,shina,ชินะ,"สินค้า, สิ่งของ"
次男,jinan,จินัน,ลูกชายคนรอง
支配,shihai,ชิไฮ,"การปกครอง, การควบคุมงาน"
芝居,shibai,ชิไบ,ละคร
しばしば,shibashiba,ชิบะชิบะ,บ่อยๆ
始発,shihatsu,ชิฮะทสึ,ต้นทาง
始発駅,shihatsu-eki,ชิฮะทสึเอะคิ,สถานีต้นทาง
支払い,shiharai,ชิฮะไร,การจ่ายเงิน
しびれる,shibireru,ชิบิเระรุ,เหน็บชา
紙幣,shihei,ชิเฮ,ธนบัตร
死亡,shibou,ชิโบ,ความตาย
絞る,shiboru,ชิโบะรุ,"บิด, คั้น"
資本,shihon,ชิฮน,"เงินทุน, เงินลงทุน"
姉妹,shimai,ชิไม,พี่น้องที่เป็นผู้หญิง
しまった,shimatta,ชิมัตตะ,"แย่แล้ว, ตายจริง"
自慢,jiman,จิมัง,การพูดโอ้อวด
地味,jimi,จิมิ,"เรียบ, ขรึม"
事務,jimu,จิมุ,ธุรการ
締め切り,shimekiri,ชิเมะคิริ,วันหมดเขต
締め切る,shimekiru,ชิเมะคิรุ,ปิดรับสมัคร
湿る,shimeru,ชิเมะรุ,"เฉอะแฉะ, เปียกชื้น"
蛇口,jaguchi,จะกุจิ,ก๊อกนํ้า
車掌,shashou,ชะโช,พนักงานเก็บค่าโดยสาร
借金,shakkin,ชัคคิง,การกู้ยืมเงิน
しゃっくりする,shakkuri suru,ชัคคุริ ซุรุ,สะอึก
しゃべる,shaberu,ชะเบะรุ,"พูด, คุย"
邪魔,jama,จะมะ,"กีดขวาง, เกะกะ"
しゃもじ,shamoji,ชะโมะจิ,ทัพพีตักข้าว
シャワー,shawaa,ชะวา,ฝักบัว
週間,shuukan,ชูคัง,"สัปดาห์, อาทิตย์"
宗教,shuukyou,ชูเคียว,ศาสนา
従業員,juugyou-in,จูเงียวอิน,"พนักงาน, ลูกจ้าง"
ジュース,juusu,จูสุ,นํ้าผลไม้
自由席,jiyuuseki,จิยูเสะคิ,ที่นั่งที่ไม่จอง
渋滞,juutai,จูไต,การจราจรติดขัด
重大な,juudai na,จูได นะ,"สําคัญ, รุนแรง"
住宅,juutaku,จูตะคุ,"บ้านเรือน, ที่อยู่อาศัย"
絨毯,juutan,จูตัน,พรม
集団,shuudan,ชูดัน,"กลุ่มคน, คณะบุคคล"
終点,shuuten,ชูเต็น,ปลายทาง
終電,shuuden,ชูเด็ง,รถไฟขบวนสุดท้าย
収入,shuunyuu,ชูนิว,รายได้
重要な,juuyou na,จูโย นะ,"สําคัญ, จําเป็น"
修理,shuuri,ชูริ,การซ่อมแซม
主義,shugi,ชุงิ,ลัทธิ
授業料,jugyouryou,จุเงียวเรียว,ค่าเล่าเรียน
祝日,shukujitsu,ชุคุจิทสึ,วันหยุดราชการ
宿泊,shukuhaku,ชุคุฮะคุ,การพักแรม
受験,juken,จุเค็ง,การสอบเข้าศึกษาต่อ
手術,shujutsu,ชุจุทสึ,การผ่าตัด
首相,shushou,ชุโช,นายกรัฐมนตรี
受信,jushin,จุชิน,"การรับสัญญาณ, การรับข้อมูล"
手段,shudan,ชุดัน,"วิธี, หนทาง"
出品,shippin,ชิปปิง,การนําผลงานออกแสดง
出版,shuppan,ชุปปัง,การพิมพ์ (หนังสือ)
首都,shuto,ชุโตะ,เมืองหลวง
主婦,shufu,ชุฟุ,แม่บ้าน
順,jun,จุน,"ลําดับ, คิว"
瞬間,shunkan,ชุนคัง,ฉับพลัน
純粋,junsui,จุนซุย,"บริสุทธิ์, ไร้สิ่งเจือปน"
順調な,junchou na,จุนโจ นะ,"เรียบร้อย, ราบรื่น"
使用,shi-you,ชิโย,การใช้
障害,shougai,โชไก,"ความขัดข้อง,อุปสรรค"
奨学金,shougakukin,โชงะคุคิง,ทุนการศึกษา
定規,jougi,โจงิ,ไม้บรรทัด
消極的,shoukyokuteki,โชเคียวคุเทะคิ,"ไม่คล่องแคล่ว, ไม่กระตือรือร้น"
乗客,joukyaku,โจเคียะคุ,ผู้โดยสาร
条件,jouken,โจเค็น,เงื่อนไข
正午,shougo,โชโงะ,เที่ยงวัน
上司,joushi,โจชิ,"เจ้านาย, หัวหน้า"
正直な,shoujiki na,โชจิคิ นะ,"ซื่อตรง, ตรงไปตรงมา"
乗車券,joushaken,โจชะเค็ง,ตั๋วโดยสารรถไฟ
乗車,jousha,โจชะ,การขึ้นรถ
上旬,joujun,โจจุน,ต้นเดือน (ประมาณวันที่ 1-10)
尐女,shoujo,โชโจะ,เด็กสาว
尐々,shoushou,โชโช,"นิดหน่อย, สักครู่"
症状,shoujou,โชโจ,อาการ
生じる,shoujiru,โชจิรุ,ก่อให้เกิด…
状態,joutai,โจไต,"สถานะ,สถานการณ์"
上達,joutatsu,โจตะทสึ,การพัฒนาความสามารถขึ้น
冗談,joudan,โจดัน,"ล้อเล่น, พูดเล่น"
承知,shouchi,โชจิ,"การรับรู้และเข้าใจ,การยินยอมเห็นชอบ"
尐年,shounen,โชเน็น,เด็กวัยรุ่นผู้ชาย
商売,shoubai,โชไบ,การค้าขาย
消費,shouhi,โชฮิ,การอุปโภคบริโภค
消防,shoubou,โชโบ,การดับเพลิง
情報,jouhou,โจโฮ,ข้อมูล
証明,shoumei,โชเม,ข้อพิสูจน์
証明書,shoumeisho,โชเมโชะ,ใบรับรอง
女王,jo-ou,โจะโอ,พระราชินี
食卓,shokutaku,โชะคุตะคุ,โต๊ะอาหาร
職場,shokuba,โชะคุบะ,ที่ทํางาน
食費,shikuhi,โชะคุฮิ,ค่าอาหาร
植物,shokubutsu,โชะคุบุทสึ,พืช
食物,shokumotsu,โชะคุโมะทสึ,อาหาร
食欲,shokuyoku,โชะคุโยะคุ,ความอยากอาหาร
食料,shokuryou,โชะคุเรียว,อาหาร
助手,joshu,โจะชุ,ผู้ช่วย
初旬,shojun,โชะจุน,10 วันแรกของเดือน
徐々に,jojo ni,โจะโจะ นิ,"ค่อยๆ, ทีละน้อย"
初心者,shoshinsha,โชะชินชะ,มือใหม่
食器,shokki,ชคคิ,ภาชนะที่ใช้ในการรับประทานอาหาร
署名,shomei,โชะเม,ลายเซ็น
書物,shomotsu,โชะโมะทสึ,หนังสือ
女優,joyuu,โจะยู,นักแสดงหญิง
処理,shori,โชะริ,การจัดการ
書類,shorui,โชะรุย,เอกสาร
白髪,shiraga,ชิระงะ,ผมหงอก
知り合い,shiriai,ชิริไอ,คนรู้จัก
私立,shiritsu,ชิริทสึ,เอกชน
皺,shiwa,ชิวะ,รอยย่น
進学する,shingaku suru,ชินงะคุ ซุรุ,เรียนต่อ
新規な,shinki na,ชินคิ นะ,"ใหม่, รูปแบบใหม่"
真剣な,shinken na,ชิงเค็ง นะ,จริงจัง
進行,shinkou,ชินโค,"ความก้าวหน้า,ความคืบหน้า"
信仰,shinkou,ชิงโค,ความศรัทธาในศาสนา
信じる,shinjiru,ชินจิรุ,เชื่อ
診察,shinsatsu,ชินสะทสึ,การตรวจไข้
人生,jinsei,จินเซ,"ชีวิตคน, ช่วงชีวิต"
新製品,shinseihin,ชินเซฮิน,ผลิตภัณฑ์ใหม่
親戚,shinseki,ชินเสะคิ,ญาติ
新鮮な,shinsen na,ชินเซน นะ,(อาหาร) สด
心臓,shinzou,ชินโซ,หัวใจ
身体,shintai,ชินไต,ร่างกาย
進退,shintai,ชินไต,การเดินหน้าและถอยหลัง
身長,shinchou,ชินโจ,ส่วนสูง
新品,shinpin,ชิมปิง,สินค้าใหม่
進歩,shinpo,ชิมโปะ,ความก้าวหน้า
親友,shunyuu,ชินยู,เพื่อนสนิท
信用,shinyou,ชินโย,"ความเชื่อถือ, ความไว้วางใจ, ความเชื่อมั่น"
信頼,shinrai,ชินไร,"ความไว้วางใจ, ความเชื่อถือ"
心理,shinri,ชินริ,จิตใจ
心理学,shinrigaku,ชินริงะคุ,จิตวิทยา
心理学者,shinrigakusha,ชินริงะคุชะ,นักจิตวิทยา
親類,shinrui,ชินรุย,ญาติ
人類,jinrui,จินรุย,มนุษยชาติ
人類学,jinruigaku,จินรุยงะคุ,มานุษยวิทยา
人類学者,jinruigakusha,จินรุยงะคุชะ,นักมานุษยวิทยา
酢,su,สุ,นํ้าส้มสายชู
推薦,suisen,ซุยเซน,การแนะนํา
スイッチ,suicchi,สุอิจจิ,สวิตซ์
炊飯器,suihanki,ซุยฮังคิ,หม้อหุงข้าว
随分,zuibun,ซุยบุน,มากทีเดียว
睡眠,suimin,ซุยมิน,การนอนหลับ
数,kazu,คะซุ,"ตัวเลข, จํานวน"
数学,suugaku,ซูงะคุ,"ตัวเลข, จํานวน"
図々しい,zuuzuushii,ซูซูชี่,อย่างไม่ละอาย
末,sue,สุเอะ,"ปลาย, ช่วงสุดท้าย"
末っ子,suekko,สุเอ็คโคะ,ลูกคนสุดท้อง
姿,sugata,สุงะตะ,รูปร่าง
スキー,sukii,สุคี,สกี
スキー場,sukiiba,สุคีบะ,ลานสกี
空く,suku,สุคุ,ว่างเปล่า
救う,sukuu,สุคู,ช่วยให้รอดพ้นจาก
優れる,sugureru,สุงุเระรุ,"ยอดเยี่ยม,ดีเลิศ"
スケート,sukeeto,สุเคโตะ,สเก็ต
スケートボード,sukeetoboodo,สุเคโตะโบโดะ,สเก็ตบอร์ด
スケジュール,sukejuuru,สุเคะจูรุ,กําหนดการ
尐しも,sukoshimo,สุโคะชิโมะ,ไม่...เลยสักนิด
スタート,sutaato,สุตาโตะ,การเริ่มต้น
頭痛,zutsuu,ซุซือ,อาการปวดหัว
すっかり,sukkari,สุคคะริ,"ทั้งหมด, โดยสิ้นเชิง"
すっきり,sukkiri,สุคคิริ,ความรู้สึกสดชื่นปลอดโปร่ง
ずっと,zutto,ซุตโตะ,ตลอดไป
酸っぱい,suppai,ซุปไป,เปรี้ยว
素敵な,suteki na,สุเตะคิ นะ,"ยอดเยี่ยม, วิเศษ"
既に,sudeni,สุเดะนิ,"...ก่อน, ...แล้ว"
ストレス,sutoresu,สุโตะเระสุ,ความเครียด
素直な,sunao na,สุนะโอะ นะ,"ซื่อ, หัวอ่อน"
スピーチ,supiichi,สุปีจิ,สุนทรพจน์
スピード,supiido,สุปีโดะ,ความเร็ว
全て,subete,สุเบะเตะ,"ทั้งหมด, ทุกอย่าง"
住まい,sumai,สุไม,"บ้านเรือน, ที่อยู่อาศัย"
済ませる,sumaseru,สุมะเสะรุ,ทําให้เสร็จเรียบร้อย
スマート,sumaato,สุมาโตะ,"สมาร์ท,เท่ห์"
ずらす,zurasu,ซุระสุ,"เลื่อน, อําพราง"
狡い,zurui,ซุรุย,ขี้โกง
鋭い,surudoi,สุรุโดย,"แหลม, คม, เฉียบแหลม"
性格,seikaku,เซคะคุ,นิสัย
生活費,seikatsuhi,เซคะทสึฮิ,ค่าครองชีพ
請求書,seikyuusho,เซคิวโชะ,ใบแจ้งหนี้
税金,zeikin,เซคิง,ภาษี
清潔な,seiketsu na,เซเคะทสึ นะ,"สะอาด, บริสุทธิ์"
成功,seikou,เซโค,ความสําเร็จ
清算,seisan,เซซัง,การชําระบัญชี
政治学,seijigaku,เซจิงะคุ,รัฐศาสตร์
清書,seisho,เซโชะ,การคัดลอกใหม่
贅沢な,zeitaku na,เซตะคุ นะ,"สุรุ่ยสุร่าย, ฟุ่มเฟือย"
成長,seichou,เซโจ,การเจริญเติบโต
整理する,seiri suru,เซริ ซุรุ,สะสาง
席,seki,เสะคิ,ที่นั่ง
積極的,sekkyokuteki,เส็คเคียวคุเทะคิ,กระตือรือร้น
節約,setsuyaku,เสะทสึยะคุ,การประหยัด
ゼミ,zemi,เซะมิ,การสัมมนา
責める,semeru,เสะเมะรุ,กล่าวหา
全員,zen-in,เซ็นอิน,ทุกคน
前期,zenki,เซ็นคิ,"เทอมต้น,เทอมแรก"
専攻,senkou,เซ็นโค,วิชาเอก
洗剤,senzai,เซ็นไซ,ผงซักฟอก
前日,zenjitsu,เซ็นจิทสึ,วันก่อน
洗濯物,sentakumono,เซ็นตะคุโมะโนะ,เสื้อผ้าที่จะซัก
増加,zouka,โซคะ,การเพิ่มขึ้น
送金,soukin,โซคิง,"การโอนเงิน, การส่งเงิน"
雑巾,zoukin,โซคิง,ผ้าขี้ริ้ว
操作,sousa,โซสะ,การควบคุมการทํางาน (เครื่องจักร)
送信,soushin,โซชิน,"การส่งสัญญาณ, การส่ง (ข้อมูล)"
想像,souzou,โซโซ,การจินตนาการ
騒々しい,souzoushii,โซโซชี่,"หนวกหู, เอะอะ"
装置,souchi,โซจิ,การติดตั้งอุปกรณ์
相当,soutou,โซโต,ระดับหรือลักษณะที่เหมาะสม
挿入,sounyuu,โซนิว,การแทรก
送別会,soubetsukai,โซเบะทสึไค,งานเลี้ยงส่ง
送料,souryou,โซเรียว,ค่าส่ง
速達,sokutatsu,โสะคุทะทสึ,(จดหมาย) ด่วน
速度,sokudo,โสะคุโดะ,ความเร็ว
底,soko,โสะโคะ,ก้นภาชนะ
そこで,sokode,โสะโคะเด๊ะ,"ดังนั้น, ด้วยเหตุนั้น"
組織,soshiki,โสะชิคิ,โครงสร้างองค์กร
注ぐ,sosogu,โสะโสะงุ,"ริน (นํ้า), เท (นํ้า)"
育つ,sodatsu,โสะดะทสึ,เติบโต
そっくり,sokkuri,สคคุริ,"อย่างสิ้นเชิง, เหมือนเปี๊ยบ"
そっと,sotto,สตโตะ,"อย่างค่อยๆ, อย่างเงียบๆ"
袖,sode,โสะเดะ,แขนเสื้อ
外側,sotogawa,โสะโตะงะวะ,ด้านนอก
染める,someru,โสะเมะรุ,ย้อมสี
剃る,soru,โสะรุ,โกน
揃う,sorou,โสะโระอุ,"ครบ, เท่ากัน"
揃える,soroeru,โสะโระเอะรุ,จัดเตรียมให้พร้อม
そろそろ,sorosoro,โสะโระโสะโระ,ใกล้เวลา...แล้ว
損,son,ซน,ขาดทุน
尊敬,sonkei,ซนเค,ความเคารพยกย่อง
存在,sonzai,ซนไซ,การมีตัวตนอยู่
体育,tai-iku,ไทอิคุ,กีฬา
体育館,tai-ikukan,ไทอิคุคัง,โรงยิม
体温,tai-on,ไทอง,อุณหภูมิของร่างกาย
体温計,tai-onkei,ไทองเค,เทอร์โมมิเตอร์
代金,daikin,ไดคิง,เงินค่า... (สิ่งของ)
大使,daishi,ไดชิ,ทูต
大した,taishita,ไทชิตะ,"ยิ่งใหญ่, สําคัญ"
体重,taijuu,ไทจู,นํ้าหนัก
対象,taishou,ไทโช,"หัวข้อ, กลุ่มเป้าหมาย"
態度,taido,ไทโดะ,"ท่าทาง, ท่าที"
大変な,taihen na,ไทเฮง นะ,"ลําบาก, แย่"
逮捕,taiho,ไทโฮะ,จับกุม
タイヤ,taiya,ไทยะ,"ยางรถยนต์, ล้อรถยนต์"
ダイヤモンド,daiyamondo,ไดยะมนโดะ,เพชร
平らな,taira na,ไทระ นะ,"ราบเรียบ, แบน"
代理,dairi,ไดริ,ตัวแทน
大陸,tairiku,ไทริคุ,ทวีป
倒す,taosu,ทะโอะสุ,"ปราบ, โค่น"
タオル,taoru,ทะโอะรุ,ผ้าขนหนู
互い,tagai,ทะไง,ซึ่งกันและกัน
宝,takara,ทะคะระ,"ทรัพย์สมบัติ, ของมีค่า"
だから,dakara,ดะคะระ,"ดังนั้น, เพราะฉะนั้น"
宅,taku,ทะคุ,"บ้าน,ทางคุณ"
炊く,taku,ทะคุ,หุง (ข้าว)
抱く,daku,ดะคุ,"อุ้ม, กอด"
だけど,dakedo,ดะเคะโดะ,"อย่างไรก็ตาม, แต่"
確かめる,tashikameru,ทะชิคะเมะรุ,ทําให้แน่ใจ
多尐,tashou,ทะโช,จํานวนมากน้อย
助ける,tasukeru,ทะสุเคะรุ,ช่วยเหลือ
只,tada,ทะดะ,ฟรี
戦い,tatakai,ทะทะไค,การต่อสู้
戦う,tatakau,ทะทะคะอุ,"ต่อสู้, ชิงชัย"
叩く,tataku,ทะทะคุ,"ทุบ, ตี, เคาะ"
畳む,tatamu,ทะทะมุ,พับ (ผ้า)
立ち上がる,tachiagaru,ทะจิอะงะรุ,"ยืนขึ้น, เริ่มลงมือทํา"
立ち止まる,tachidomaru,ทะจิโดะมะรุ,หยุดยืน
抱っこ,dakko,ดัคโคะ,กอด (ภาษาเด็ก)
食べ放題,tabehoudai,ทะเบะโฮได,บุฟเฟต์
玉,tama,ทะมะ,"ลูกแก้ว,สิ่งของลักษณะกลม"
たまたま,tamatama,ทะมะทะมะ,"บังเอิญ, นานๆ ครั้ง"
溜まる,tamaru,ทะมะรุ,"สะสม, ชุมนุม, ทับถม"
黙る,tamaru,ทะมะรุ,"ไม่พูด, นิ่งเงียบ"
駄目な,dame na,ดะเมะ นะ,"แย่, ไม่ดี, ใช้ไม่ได้"
溜め息,tame-iki,ทะเมะอิคิ,ถอนหายใจ
試し,tameshi,ทะเมะชิ,"การทดสอบ, การทดลอง"
試す,tamesu,ทะเมะสุ,"ทดลอง, ทดสอบ"
溜める,tameru,ทะเมะรุ,"กักเอาไว้, สะสม"
頼る,tayoru,ทะโยะรุ,"พึ่งพิง, ขึ้นอยู่กับ"
だらしない,darashinai,ดะระชิไน่,ไม่เป็นระเบียบ
単位,tan-i,ทันอิ,"หน่วย, หน่วยนับ"
誰か,dareka,ดะเระคะ,"บางคน, ใครสักคน"
団体,dantai,ดันไต,"กลุ่ม, หมู่, คณะ"
担当,tantou,ทันโท,การรับผิดชอบ
担当者,tantousha,ทันโทชะ,ผู้รับผิดชอบ
地下,chika,จิคะ,ใต้ดิน
違い,chigai,จิไง,ความแตกต่าง
違いない,chigainai,จิไงไน่,คง... แน่ๆ
近ごろ,chikagoro,จิคะโกะโระ,"หมู่นี้, ระยะนี้"
近道,chikamichi,จิคะมิจิ,ทางลัด
置換,chikan,จิคัง,การวางสับเปลี่ยน
地球,chikyuu,จิคิว,โลก
遅刻,chikoku,จิโคะคุ,"การมาสาย, การไปสาย"
チーズ,chiizu,จีซุ,"ชีส, เนย"
縮む,chijimu,จิจิมุ,หด
ちゃんと,chanto,จันโตะ,"เรียบร้อย,ไม่บกพร่อง"
中央,chuu-ou,จูโอ,"กลาง, ศูนย์กลาง, จุดศูนย์กลาง"
中古,chuuko,จูโคะ,"ของใช้แล้ว, ของมือสอง"
中止する,chuushi suru,จูชิ ซุรุ,"ยกเลิก, หยุด"
駐車,chuusha,จูชะ,การจอดรถ
駐車違反,chuusha-ihan,จูชะอิฮัง,การจอดรถในที่ห้ามจอด
中旬,chuujun,จูจุน,กลางเดือน (ประมาณวันที่ 11-20)
昼食,chuushoku,จูโชะคุ,อาหารกลางวัน
中心,chuushin,จูชิน,ศูนย์กลาง
注目,chuumoku,จูโมะคุ,การจับตามอง
注文,chuumon,จูมง,การสั่งซื้อ
長期,chouki,โจคิ,ระยะยาว
調査,chousa,โจสะ,การสํารวจ
調子,choushi,โจชิ,สภาพของร่างกายหรือเครื่องจักร
長女,choujo,โจโจะ,ลูกสาวคนโต
調整,chousei,โจเซ,การปรับให้เหมาะสม
長男,chounan,โจนัน,ลูกชายคนโต
調味料,choumiryou,โจมิเรียว,เครื่องปรุงรส
貯金する,chokin suru,โจะคิง ซุรุ,ฝากเงิน
散らかる,chirakaru,จิระคะคุ,"เกลื่อนกลาด, กระจุยกระจาย"
塵取,chiritori,จิริโทะริ,"ที่โกยผง, ที่โกยขยะ"
散る,chiru,จิรุ,"ตก, กระจัดกระจาย"
遂に,tsuini,ซึยนิ,ในที่สุด
追加,tsuika,ซึยคะ,การเพิ่มทีหลัง
通過,tsuuka,ซือคะ,"เคลื่อนที่ผ่าน, การเลยไป"
通学,tsuugaku,ซืองะคุ,การไปโรงเรียน
通勤,tsuukin,ซือคิง,การไปทํางาน
通行,tsuukou,ซือโค,การสัญจรไปมา
通帳,tsuuchou,ซือโจ,สมุดบัญชีธนาคาร
通訳,tsuuyaku,ซือยะคุ,ล่าม
通路,tsuuro,ซือโระ,"ทางเดิน, ทางสัญจร"
掴む,tsukamu,ทสึคะมุ,"ยึดไว้, กุมมือไว้, จับ"
付き合い,tsukiai,ทสึคิไอ,การคบค้าสมาคม
突き当たり,tsukiatari,ทสึคิอะตะริ,"การชน, การมีสิ่งกีดขวาง"
注ぐ,tsugu,ทสึงุ,ริน
繋がる,tsunagaru,ทสึนะงะรุ,"สัมพันธ์กัน, เกี่ยวข้องกัน"
繋ぐ,tsunagu,ทสึนะงุ,"ผูก, มัดให้แน่น"
潰す,tsubusu,ทสึบุสุ,"บด, ขยี้, ทําให้แตก"
潰れる,tsubureru,ทสึบุเระรุ,"แตกกระจาย,พังทลาย"
摘まみ,tsumami,ทสึมะมิ,กับแกล้มเหล้า
詰まる,tsumaru,ทสึมะรุ,"คัด (จมูก), แน่นเอี้ยด"
積む,tsumu,ทสึมุ,"วางกอง, วางซ้อน"
爪,tsume,ทสึเมะ,เล็บ
詰める,tsumeru,ทสึเมะรุ,"บรรจุ, อัดเต็ม"
積もる,tsumoru,ทสึโมะรุ,กองทับถม
吊るす,tsurusu,ทสึรุสุ,แขวน
出会う,de-au,เดะอะอุ,พบกันโดยบังเอิญ
定期券,teikiken,เทคิเค็ง,ตั๋วเดือน
停車,teisha,เทชะ,การจอดรถ
提出,teishutsu,เทชุทสึ,"การส่ง (รายงาน),การยื่น (ข้อเสนอ)"
程度,teido,เทโดะ,"ระดับ, เกณฑ์"
停留所,teiryuujo,เทริวโจะ,ป้าย (รถเมล์)
デート,deeto,เดโตะ,"วันที่, การออกเดท"
テーブル,teeburu,เทบุรุ,"โต๊ะอาหาร, ตาราง"
敵,teki,เทะคิ,"ข้าศึก, ศัตรู"
出来上がる,dekiagaru,เดะคิอะงะรุ,"เสร็จสิ้น, เรียบร้อย"
出来事,dekigoto,เดะคิโกะโตะ,"เหตุการณ์, เรื่องราว"
適する,teki suru,เทะคิ ซุรุ,เหมาะสม
適切な,tekisetsu na,เทะคิเสะทสึ นะ,"เหมาะ, เหมาะสม"
デザート,dezaato,เดะซาโตะ,ของหวาน
デザイン,dezain,เดซะอิน,"การออกแบบ, ดีไซน์"
手数料,tesuuryou,เทะซูเรียว,"ค่าธรรมเนียม, ค่าดําเนินการ"
でたらめな,detarame na,เดะทะระเมะ นะ,เดาสุ่ม
鉄道,tetsudou,เทะทสึโด,ทางรถไฟ
徹夜,tetsuya,เทะทสึยะ,การไม่นอนทั้งคืน
出迎える,demukaeru,เดะมุคะเอะรุ,รับผู้โดยสาร
電源,dengen,เด็งเง็น,"แหล่งกําเนิดไฟฟ้า,เต้าเสียบปลั๊กไฟ"
天井,tenjou,เท็งโจ,เพดาน
電子レンジ,denshirenji,เด็งชิเรนจิ,เตาอบไมโครเวฟ
転送,tensou,เท็นโซ,การส่งต่อ
伝統,dentou,เด็งโท,ขนบธรรมเนียมประเพณี
添付,tenpu,เท็มปุ,การแนบ (ไปในจดหมาย)
てんぷら,tenpura,เท็มปุระ,เทมปุระ
天然,tennen,เท็นเน็น,ธรรมชาติ
問い,toi,โทย,คําถาม
問い合わせ,toi-awase,โทยอะวะเสะ,ติดต่อสอบถาม
問い合わせる,toi-awaseru,โทยอะวะเสะรุ,สอบถาม
到着,touchaku,โทจะคุ,"การไปถึง, การมาถึง"
とうとう,toutou,โทโท,ในที่สุด
道徳,doutoku,โดโทะคุ,ศีลธรรม
投票,touhyou,โทเฮียว,"การลงคะแนน, การโหวต"
登録,touroku,โทโระคุ,การลงทะเบียน
遠回しな,toomawashi na,โทมะวะชิ นะ,"อ้อมๆ, อ้อมค้อม"
とかす,tokasu,โทะคะสุ,หวี(ผม)
ドキドキする,dokidoki suru,โดะคิโดะคิ ซุรุ,ใจเต้นตึกตัก
得な,toku na,โทะคุ นะ,"ประโยชน์, กําไร"
毒,doku,โดะคุ,พิษ
読書,dokusho,โดะคุโชะ,การอ่าน
独身,dokushin,โดะคุชิน,โสด
特長,tokuchou,โทะคุโจ,จุดเด่นเป็นพิเศษ
特売品,tokubaihin,โทะคุไบฮิน,สินค้าราคาพิเศษ
退ける,dokeru,โดะเคะรุ,"ถอย, หลบ"
登山,tozan,โทะซัง,การปีนเขา
登山家,tozanka,โทะซังคะ,นักปีนเขา
年寄り,toshiyori,โทะชิโยะริ,คนแก่
閉じる,tojiru,โทะจิรุ,ปิด (หนังสือ)
途端に,totan ni,โทะทัน นิ,ในขณะเดียวกัน
土地,tochi,โทะจิ,ที่ดิน
突然に,totsuzen ni,โทะทสึเซ็น นิ,"ฉับพลัน, อย่างกะทันหัน"
トップダウン,toppudaun,ทปปุดะอุน,บนลงล่าง (TopDown)
とにかく,tonikaku,โทะนิคะคุ,อย่างไรก็ตาม
飛び込む,tobikomu,โทะบิโคะมุ,กระโจนลง
飛び出す,tobidasu,โทะบิดะสุ,ปรากฏขึ้นทันที
ともかく,tomokaku,โทะโมะคะคุ,อย่างไรก็ตาม
ドライブ,doraibu,โดะไรบุ,การขับรถไปเที่ยว
ドライヤー,doraiyaa,โดะไรยา,เครื่องเป่าแห้ง
トラック,torakku,โทะรัคคุ,รถบรรทุก
トランク,toranku,โทรังคุ,กระเป๋าเดินทางขนาดใหญ่
取り替える,torikaeru,โทะริคะเอะรุ,"เปลี่ยน, แทนที่"
取り消す,torikesu,โทะริเคะสุ,ยกเลิก
取り出す,toridasu,โทะริดะสุ,เอาออกมา
取る,toru,โทะรุ,"หยิบ, เลือก, จับ"
取れる,toreru,โทะเระรุ,หลุดออกมา
直す,naosu,นะโอะสุ,"รักษา, ซ่อมแซม"
仲,naka,นะคะ,ความสัมพันธ์
長袖,nagasode,นะงะโสะเดะ,เสื้อแขนยาว
仲直り,nakanaori,นะคะนะโอะริ,การคืนดี
半ば,nakaba,นะคะบะ,กลาง
仲間,nakama,นะคะมะ,"เพื่อนพ้อง, เพื่อนประเภทเดียวกัน"
仲良し,nakayoshi,นะคะโยะชิ,"การมีสัมพันธ์อันดี,เพื่อนสนิท"
眺め,nagame,นะงะเมะ,"วิว, ทิวทัศน์"
眺める,nagameru,นะงะเมะรุ,"ดู, ชม, จ้องมอง"
流れる,nagareru,นะงะเระรุ,(นํ้า) ไหล
無し,nashi,นะชิ,"การไม่มี, ปราศจาก"
なぜなら,nazenara,นะเซะนะระ,เพราะว่า
謎,nazo,นะโซะ,ปริศนา
謎々,nazonazo,นะโซะนะโซะ,การเล่นทายปัญหา
謎々ゲーム,nazonazo geemu,นะโซะนะโซะ เกมุ,เกมส์ปริศนา
傾らかな,nadaraka na,นะดะระคะ นะ,"เรียบ, ไม่ชัน"
納得する,nattoku suru,นัตโตะคุ ซุรุ,ยอมรับ
撫でる,naderu,นะเดะรุ,"ลูบ, ปลอบประโลม"
等,nado,นะโดะ,เป็นต้น
斜めな,naname na,นะนะเมะ นะ,"เฉียง, เอียง"
生意気な,namaiki na,นะมะอิคิ นะ,"แก่แดด, ทําเขื่อง"
怠け者,namakemono,นะมะเคะโมะโนะ,คนขี้เกียจ
生ゴミ,namagomi,นะมะโกะมิ,ขยะเปียก
涙,namida,นะมิดะ,นํ้าตา
涙金,namidakin,นะมิดะคิง,ค่าทําขวัญ
悩む,nayamu,นะยะมุ,"กังวล, กลุ้มใจ"
似合う,ni-au,นิอะอุ,"เหมาะสม, เข้ากันได้ดี"
臭いがする,nioi ga suru,นิโอย งะ ซุรุ,ได้กลิ่น
苦手な,nigate na,นิงะเตะ นะ,"อ่อน, ไม่เก่ง, ไม่ถนัด"
ニキビ,nikibi,นิคิบิ,สิว
握る,nigiru,นิงิรุ,"จับ, ถือ"
にこにこ,nikoniko,นิโคะนิโคะ,ยิ้มแย้มอย่างมีความสุข
偽物,nisemono,นิเสะโมะโนะ,ของปลอม
にっこり,nikkori,นิคโคะริ,รอยยิ้ม
日程,nittei,นิตเต,แผนงานประจําวัน
鈍い,nibui,นิบุย,ทื่อ
入場,nyuujou,นิวโจ,การเข้าไปในสถานที่นั้นๆ
入門,nyuumon,นิวมง,ความรู้เบื้องต้น
入門講座,nyuumonkouza,นิวมงโคซะ,หลักสูตรเบื้องต้น
入力,nyuuryoku,นิวเรียวคุ,การป้อนข้อมูล
煮る,niru,นิรุ,ต้ม
人気な,ninki na,นิงคิ นะ,มีชื่อเสียง
人間,ningen,นิงเง็น,มนุษย์
抜ける,nukeru,นุเคะรุ,"หลุด, ขาด"
布,nuno,นุโนะ,ผ้า
濡らす,nurasu,นุระสุ,ทําให้เปียก
塗り,nuri,นุริ,"การทา, การลงรัก"
温い,nurui,นุรุ่ย,"อุ่น, ไม่รุนแรง"
ぬるぬるな,nurunuru na,นุรุนุรุ นะ,ลื่นๆ
願い,negai,เนะไง,"การขอร้อง, คําขอร้อง"
願う,negau,เนะงะอุ,"ขอร้อง, วิงวอน"
鼠,nezumi,เนะซุมิ,หนู
ネックレス,nekkuresu,เน็คคุเระสุ,สร้อยคอ
ネット,netto,เน็ตโตะ,"ตาข่าย, เครือข่าย"
年賀状,nengajou,เน็นกะโจ,การ์ดอวยพรปีใหม่
農家,nouka,โนคะ,เกษตรกร
農業,nougyou,โนเงียว,เกษตรกรรม
農民,noumin,โนมิน,เกษตรกร
能力,nouryoku,โนเรียวคุ,ความสามารถ
乗せる,noseru,โนะเสะรุ,ให้คนขึ้นรถ
望む,nozomu,โนะโซะมุ,"ต้องการ, คาดการณ์"
延ばす,nobasu,โนะบะสุ,"ยืด, ทําให้ตรง"
伸ばす,nobasu,โนะบะสุ,"ขยายออก, เลื่อนออก"
伸びる,nobiru,โนะบิรุ,"สูงขึ้น, ยืด"
上り,nobori,โนะโบะริ,การขึ้น (เขา)
上る,noboru,โนะโบะรุ,"ปีน, ขึ้น"
飲み会,nomikai,โนะมิไค,งานเลี้ยง
乗り遅れる,noriokureru,โนะริโอะคุเระรุ,"ไม่ทันรถ, ตกรถ"
乗り越す,norikosu,โนะริโคะสุ,นั่งรถเลยจุดหมาย
鈍い,noroi,โนะโร่ย,"ชักช้า, อืดอาด"
のろのろ,noronoro,โนะโระโนะโระ,เชื่องช้า
呑気な,nonki na,นนคิ นะ,"ไม่รีบร้อน, สบายๆ"
のんびり,nonbiri,นนบิริ,"ตามสบาย, ไม่รีบร้อน"
馬鹿,baka,บะคะ,"บ้า, โง่, ไร้สาระ"
博士,hakase,ฮะคะเสะ,"ดอกเตอร์, ผู้ที่ได้รับปริญญาเอก"
計り,hakari,ฮะคะริ,"การวัด, การชั่ง"
計る,hakaru,ฮะคะรุ,"วัด (ส่วนสูง,อุณหภูมิ)"
量る,hakaru,ฮะคะรุ,ชั่ง (นํ้าหนัก)
測る,hakaru,ฮะคะรุ,"วัด (ความกว้าง,ความยาว,ความลึก)"
図る,hakaru,ฮะคะรุ,"วางแผน, คิด"
吐き気,hakike,ฮะคิเคะ,ความรู้สึกคลื่นไส้อาเจียน
はきはき,hakihaki,ฮะคิฮะคิ,(ท่าที) เอาการเอางาน
掃く,haku,ฮะคุ,"กวาด, ปัด(ฝุ่น)"
履く,haku,ฮะคุ,"สวม, ใส่ (ท่อนล่าง)"
吐く,haku,ฮะคุ,อาเจียน
拍手,hakushu,ฮะคุชุ,การปรบมือ
白線,hakusen,ฮะคุเซ็น,เส้นสีขาว
莫大な,bakudai na,บะคุได นะ,ใหญ่มาก
爆発,bakuhatsu,บะคุฮะทสึ,การระเบิด
博物館,hakubutsukan,ฮะคุบุทสึคัง,พิพิธภัณฑ์สถาน
激しい,hageshii,ฮะเงะชี่,"รุนแรง, ดุเดือด"
バケツ,baketsu,บะเคะทสึ,ถังนํ้า
剥げる,hageru,ฮะเงะรุ,"หลุดลอก, สีตก"
バーゲン,baagen,บาเก็น,การลดราคา
鋏,hasami,ฮะสะมิ,กรรไกร
外す,hazusu,ฮะซุสุ,"เอาออก, แก้ออก"
バス停,basutei,บะสุเท,ป้ายรถเมล์
パーセント,paasento,ปาเซ็นโตะ,เปอร์เซนต์
働き者,hatarakimono,ฮะตะระคิโมะโนะ,คนขยันทํางาน
はっきり,hakkiri,ฮัคคิริ,"อย่างแน่ชัด, แจ่มแจ้ง"
発見,hakken,ฮัคเค็ง,การค้นพบ
発車,hassha,ฮัชชะ,การออกรถ
発展,hatten,ฮัตเต็น,ความเจริญ
発売,hatsubai,ฮะทสึไบ,การวางตลาด
発表,happyou,ฮัปเปียว,การประกาศ
発明,hatsumei,ฮะทสึเม,การประดิษฐ์
派手な,hade na,ฮะเดะ นะ,(สี) ฉูดฉาด
パート,paato,ปาโตะ,"ชิ้นส่วน, งานพิเศษ"
花柄,hanagara,ฮะนะงะระ,ลายดอก
話し合い,hanashiai,ฮะนะชิไอ,การเจรจากัน
話し合う,hanashiau,ฮะนะชิอะอุ,"เจรจากัน, พูดคุยกัน"
話し掛ける,hanashikakeru,ฮะนะชิคะเคะรุ,เข้าไปทักทายด้วย
離す,hanasu,ฮะนะสุ,"ปล่อย, เว้น, แยก"
鼻水,hanamizu,ฮะนะมิซุ,นํ้ามูก
幅,haba,ฮะบะ,ความกว้าง
母親,hahaoya,ฮะฮะโอะยะ,แม่
省く,habuku,ฮะบุคุ,"ละ, ตัดออก, กําจัด"
歯磨き,hamigaki,ฮะมิงะคิ,การแปรงฟัน
歯磨き粉,hamigakiko,ฮะมิงะคิโคะ,ยาสีฟัน
嵌める,hameru,ฮะเมะรุ,"สวม,ใส่ (แหวน, ถุงมือ)"
はやる,hayaru,ฮะยะรุ,"เป็นที่นิยม,แพร่หลาย"
腹,hara,ฮะระ,"ช่องท้อง, ท้อง"
払い戻す,haraimodosu,ฮะไรโมโดะสุ,จ่ายคืน
バランス,baransu,บะรันสุ,ความสมดุล
パンク,panku,พังคุ,รถยางแตก
判子,hanko,ฮังโคะ,ตราประทับ
犯罪,hanzai,ฮันไซ,อาชญากรรม
犯罪者,hanzaisha,ฮะนไซชะ,อาชญากร
ハンサムな,hansamu na,ฮันสะมุ นะ,หล่อ
半袖,hansode,ฮันโสะเดะ,(เสื้อ) แขนสั้น
判断,handan,ฮันดัน,"การตัดสิน, การวินิจฉัย"
パンツ,pantsu,พันทสึ,"กางเกงชั้นใน,กางเกงขายาว"
ハンドル,handoru,ฮันโดะรุ,ลูกบิดประตู
犯人,hannin,ฮันนิง,"คนร้าย, อาชญากร"
販売,hanbai,ฮัมไบ,การค้าขาย
販売者,hanbaisha,ฮัมไบชะ,คนขาย
日当たり,hiatari,ฮิอะตะริ,การที่แดดส่องถึง
ヒーター,hiitaa,ฮีตา,"เครื่องทําความร้อน,ฮีตเตอร์"
ビール瓶,biirubin,บีรุบิน,ขวดเบียร์
冷える,hieru,ฮิเอะรุ,"เย็นยะเยือก, หนาวลง"
被害,higai,ฮิไง,"ภัย, ความเสียหาย"
被害者,higaisha,ฮิไงชะ,ผู้ประสบภัย
被害地,higaichi,ฮิไงจิ,พื้นที่ที่ได้รับความเสียหาย
日帰り,higaeri,ฮิงะเอะริ,การไปเช้าเย็นกลับ
比較,hikaku,ฮิคะคุ,การเปรียบเทียบ
ぴかぴかな,pikapika na,ปิคะปิคะ นะ,"เป็นเงางาม,วับๆ"
引き算,hikizan,ฮิคิซัง,การลบเลข
引き出す,hikidasu,ฮิคิดะสุ,ถอนเงิน
引く,hiku,ฮิคุ,"ดึง, ลาก, ลบ (เลข)"
膝,hiza,ฮิซะ,หัวเข่า
日差し,hizashi,ฮิซะชิ,"แสงอาทิตย์, แสงแดด"
非常,hijou,ฮิโจ,ฉุกเฉิน
美人,bijin,บิจิน,คนสวย
額,hitai,ฮิไต,หน้าผาก
人懐こい,hitonatsukoi,ฮิโตะนะทสึโค่ย,คุ้นเคยกับคนง่าย
一人っ子,hitorikko,ฮิโตะริคโคะ,ลูกคนเดียว
捻る,hineru,ฮิเนะรุ,"บิด, ครุ่นคิด"
批判,hihan,ฮิฮัง,การวิพากษ์วิจารณ์
秘密,himitsu,ฮิมิทสึ,ความลับ
微妙,bimyou,บิเมียว,"ละเอียด, บอบบาง"
紐,himo,ฮิโมะ,เชือก
冷やす,hiyasu,ฮิยะสุ,"แช่เย็น, ทําให้เย็น"
費用,hiyou,ฮิโย,ค่าใช้จ่าย
表,hyou,เฮียว,ตาราง
秒,byou,เบียว,วินาที
評価,hyouka,เฮียวคะ,การประเมิน
表現,hyougen,เฮียวเก็น,สีหน้าท่าทาง
表情,hyoujou,เฮียวโจ,"สีหน้า, สภาพ"
平等な,byoudou na,เบียวโด นะ,ความเสมอภาค
評判,hyouban,เฮียวบัง,"ชื่อเสียง, คําเล่าลือ"
表面,hyoumen,เฮียวเม็น,ผิวหน้า
表面積,hyoumenseki,เฮียวเม็นเสะคิ,พื้นที่พื้นผิว
広がる,hirogaru,ฮิโระงะรุ,แพร่กระจายออกไป
貧乏な,binbou na,บินโบ นะ,ยากจน
ファイル,fairu,ฟะอิรุ,แฟ้ม
部下,buka,บุคะ,ลูกน้อง
付近,fukin,ฟุคิง,"บริเวณใกล้ๆ ,แถวๆ"
服装,fukusou,ฟุคุโซ,เครื่องแต่งกาย
不合格,fugoukaku,ฟุโกคะคุ,การสอบไม่ผ่าน
無事な,buji na,บุจิ นะ,ปลอดภัย
不思議な,fushigi na,ฟุชิงิ นะ,"แปลก,ประหลาด"
不自由な,fujiyuu na,ฟุจิยู นะ,"ไม่มีอิสระ, ไม่สะดวก"
婦人,fujin,ฟุจิน,สุภาพสตรี
夫人,fujin,ฟุจิน,"คุณนาย, คุณหญิง"
不正な,fusei na,ฟุเซ นะ,"ความไม่ถูกต้อง,อยุติธรรม"
防ぐ,fusegu,ฟุเสะงุ,"ป้องกัน, กั้น"
不足,fusoku,ฟุโสะคุ,การขาดแคลน
蓋,futa,ฟุตะ,ฝา
舞台,butai,บุไต,"เวที, ฉาก"
双子,futago,ฟุตะโกะ,"แฝด, ฝาแฝด"
再び,futatabi,ฟุตะตะบิ,อีกครั้ง
普段,fudan,ฟุดัน,สภาพปกติ
打付ける,butsukeru,บุทสึเคะรุ,"ชน, กระแทกถูก"
ぶつぶつ,butsubutsu,บุทสึบุทสึ,บ่นพึมพํา
物理学,butsurigaku,บุทสึริกะคุ,ฟิสิกส์
物理学者,butsurigakusha,บุทสึริกะคุชะ,นักฟิสิกส์
不図,futo,ฟุโตะ,อย่างฉับพลัน
踏み切り,fumikiri,ฟุมิคิริ,จุดก้าวกระโดด
増やす,fuyasu,ฟุยะสุ,"เพิ่ม, เพิ่มให้มากขึ้น"
フライパン,furaipan,ฟุไรปัง,กะทะสําหรับทอด
ブラシ,burashi,บุระชิ,แปรง
プラス,purasu,ปุระสุ,"การบวก, การเพิ่ม"
プラットホーム,purattohoomu,ปุรัตโตะโฮมุ,ชานชาลา
ぶらぶら,burabura,บุระบุระ,"แกว่งไกวไปมา, เดินช้าๆ"
振込み,furikomi,ฟุริโคะมิ,การโอนเงินเข้าบัญชี
振る,furu,ฟุรุ,"สั่น, โรย, สลัดทิ้ง"
ブレーキ,bureeki,บุเรคิ,ห้ามล้อ
ブレーキライト,bureekiraito,บุเรคิไรโตะ,ไฟเบรค
触れる,fureru,ฟุเระรุ,"แตะต้อง, รู้สึก"
風呂,furo,ฟุโระ,อ่างอาบนํ้า
フロントガラス,furontogarasu,ฟุรนโตะกะระสุ,กระจกหน้า
雰囲気,fun-iki,ฟุนอิคิ,บรรยากาศ
文学部,bungakubu,บุงงะคุบุ,คณะอักษรศาสตร์
分析,bunseki,บุนเสะคิ,การวิเคราะห์
平均,heikin,เฮคิน,โดยเฉลี่ย
平均気温,heikinki-on,เฮคินคิอง,อุณหภูมิเฉลี่ย
平均値,heikinchi,เฮคินจิ,"ค่ากลาง, ค่าเฉลี่ย"
平均年齢,heikinnenrei,เฮคินเน็นเร,อายุเฉลี่ย
平和,heiwa,เฮวะ,สันติภาพ
ぺこぺこ,pekopeko,เปะโคะเปะโคะ,"ท้องร้อง, หิว"
減らす,herasu,เฮะระสุ,"ลด, ทําให้น้อยลง"
ぺらぺら,perapera,ปะระเปะระ,คล่องปรื๋อ
ベルト,beruto,เบะรุโตะ,"เข็มขัด, สายพาน"
変換,henkan,เฮนคัง,การสับเปลี่ยน
変更,henkou,เฮนโค,เปลี่ยน
返信,henshin,เฮนชิน,การตอบกลับจดหมาย
変動,hendou,เฮนโด,ความแปรปรวน
ホイル,hoiru,โฮะอิรุ,กระดาษฟอยล์
法学部,hougakubu,โฮงะคุบุ,คณะนิติศาสตร์
法規,houki,โฮคิ,บทบัญญัติ
箒,houki,โฮคิ,ไม้กวาด
方向,houkou,โฮโค,"ทิศทาง, เป้าหมาย"
報告,houkoku,โฮโคะคุ,การรายงาน
放題,houdai,โฮได,เท่าที่ต้องการ
包丁,houchou,โฮโจ,"มีดทําครัว, มีดปังตอ"
方面,houmen,โฮเม็น,"ทิศทาง, ด้าน"
頬,hoo,โฮ,แก้ม
ボーナス,boonasu,โบนะสุ,"เงินโบนัส, เงินพิเศษ"
ホーム,hoomu,โฮมุ,ชานชลาสถานีรถไฟ
ホームシック,hoomushikku,โฮมุชิคคุ,การคิดถึงบ้าน
ホームページ,hoomupeeji,โฮมุเพจิ,โฮมเพจ
豊富な,houfu na,โฮฟุ นะ,"มั่งคั่ง,อุดมสมบูรณ์"
方法,houhou,โฮโฮ,"วิธี, หนทาง"
埃,hokori,โฮะโคะริ,ฝุ่น
誇り,hokori,โฮะโคะริ,ความภาคภูมิใจ
補習,hoshuu,โฮะชู,การเรียนพิเศษ
保証,hoshou,โฮะโช,การคํ้าประกัน
干す,hosu,โฮะสุ,"ผึ่ง, ตากให้แห้ง"
保存,hozon,โฮะซน,การเก็บรักษาให้อยู่ในสภาพเดิม
ほっと する,hotto suru,ฮตโตะ ซุรุ,"เบาใจ, โล่งอก"
歩道,hodou,โฮะโด,"ทางเท้า, ทางเดิน"
解く,hodoku,โฮะโดะคุ,"คลายปม, แก้เชือก"
微笑む,hohoemu,โฮะโฮะเอะมุ,ยิ้ม
褒める,homeru,โฮะเมะรุ,กล่าวชม
掘る,horu,โฮะรุ,ขุด
本店,honten,ฮนเต็น,สํานักงานใหญ่
本人,honnin,ฮนนิง,เจ้าตัว
ボンネット,bonnetto,บงเน็ตโตะ,หมวกผู้หญิงมีริบบิ้นผูกใต้คาง
本物,honmono,ฮนโมะโนะ,ของแท้
ぼんやりする,bonyari suru,บงยะริ ซุรุ,เหม่อ
迷子,maigo,ไมโกะ,เด็กหลงทาง
マイナス,mainasu,ไมนะสุ,"ลบออก, ขาดทุน"
マウス,mausu,มะอุสุ,"หนู, เมาส์(คอมพิวเตอร์)"
任せる,makaseru,มะคะเสะรุ,"มอบความรับผิดชอบ,มอบหมาย"
幕,maku,มะคุ,ม่าน
巻く,maku,มะคุ,"กรอ, ม้วน"
負け,make,มะเคะ,ความพ่ายแพ้
孫,mago,มะโงะ,หลาน
まさか,masaka,มะสะคะ,ไม่มีทาง
正に,masa ni,มะสะ นิ,อย่างแท้จริง
真面目な,majime na,มะจิเมะ นะ,เอางานเอาการ
増す,masu,มะสุ,"สูงขึ้น, เพิ่มขึ้น"
先ず,mazu,มะซุ,"ก่อนอื่น, อันดับแรก"
貧しい,mazushii,มะซุชี่,ยากจน
ますます,masumasu,มะสุมะสุ,ยิ่งๆ ขึ้นไป
混ぜる,mazeru,มะเซะรุ,ปนหรือผสมลงไป
待ち合わせ,machiawase,มะจิอะวะเสะ,การนัดพบ
待ち合わせる,machiawaseru,มะจิอะวะเสะรุ,นัดพบกัน
間違う,machigau,มะจิงะอุ,ผิด
真っ暗,makkura,มัคคุระ,มืดสนิท
睫毛,matsuge,มะทสึเงะ,ขนตา
真っ白,masshiro,มัชชิโระ,ขาวโพลน
真っ直ぐ,massugu,มัสสุงุ,ตรงไป
全く,mattaku,มัตตะคุ,"ทั้งหมด,จริงๆ,ทีเดียว"
祭り,matsuri,มะทสึริ,งานเทศกาล
窓ガラス,madogarasu,มะโดะกะระสุ,กระจกหน้าต่าง
窓口,madoguchi,มะโดะกุจิ,ช่องทางติดต่อสอบถาม
纏める,matomeru,มะโตะเมะรุ,"หาข้อสรุป, เรียบเรียง"
まな板,mana-ita,มะนะอิตะ,เขียง
学ぶ,manabu,มะนะบุ,"เรียน, ศึกษา"
真似する,mane suru,มะเนะ ซุรุ,เลียนแบบ
招く,maneku,มะเนะคุ,เชื้อเชิญ
眩しい,mabushii,มะบุชี่,"สว่างจ้า, จ้า"
瞼,mabuta,มะบุตะ,เปลือกตา
豆,mame,มะเมะ,"ถั่ว, ถั่วเหลือง"
守る,mamoru,มะโมะรุ,รักษา (สัญญากฎระเบียบ)
眉,mayu,มะยุ,คิ้ว
眉毛,mayuge,มะยุเงะ,คิ้ว
回り道,mawarimichi,มะวะริมิจิ,ทางอ้อม
満員,man-in,มังอิน,"คนแน่น, คนเต็ม"
満席,manseki,มังเสะคิ,ที่นั่งเต็ม
見上げる,miageru,มิอะเงะรุ,"เงยหน้าดู, เหลือบตามอง"
見送り,miokuri,มิโอะคุริ,การไปส่งที่สนามบินหรือสถานีรถไฟ
見送る,miokuru,มิโอะคุรุ,ไปส่งคนที่จะออกเดินทาง
見下ろす,miorosu,มิโอะโระสุ,"มองลงมาจากด้านบน, ดูถูก"
見方,mikata,มิคะตะ,"มุมมอง, วิธีการมอง"
見事,migoto,มิโกะโตะ,"งดงาม, ประณีต"
ミス,misu,มิสุ,ข้อผิดพลาด
水玉,mizutama,มิซุทะมะ,หยดนํ้า
水割り,mizuwari,มิซุวะริ,วิสกี้นํ้า
味噌汁,misoshiru,มิโสะชิรุ,"ซุปเต้าเจี้ยว,ซุปมิโซะ"
見直し,minaoshi,มินะโอะชิ,"การทบทวน, การรีวิว"
見直す,minaosu,มินะโอะสุ,"ดูอีกครั้ง, พิจารณาอีกครั้ง"
見舞い,mimai,มิไม,การเยี่ยมคนป่วย
土産,miyage,มิยะเกะ,ของฝาก
都,miyako,มิยะโคะ,เมืองหลวง
妙な,myou na,เมียว นะ,"ประหลาด, พิกล"
明後日,myougonichi,เมียวโกะนิจิ,วันมะรืนนี้
未来,mirai,มิไร,อนาคต
魅力,miryoku,มิเรียวคุ,"เสน่ห์, สิ่งดึงดูดใจ"
無視,mushi,มุชิ,"การไม่สนใจ, การมองข้าม"
無地,muji,มุจิ,"ผ้าสีพื้น, ไม่มีลวดลาย"
虫歯,mushiba,มุชิบะ,ฟันผุ
寧ろ,mushiro,มุชิโระ,จะดีเสียกว่า
蒸す,musu,มุสุ,"นึ่ง, อบ(ด้วยไอนํ้า"
結ぶ,musubu,มุสุบุ,"เชื่อม, ผูก"
無責任な,musekinin na,มุเสะคินิง นะ,ไม่มีความรับผิดชอบ
無駄な,muda na,มุดะ นะ,"เปล่าประโยชน์,"
無駄遣い,mudazukai,มุดะซึไค,การใช้อย่างสิ้นเปลือง
むちゃくちゃな,muchakucha na,มุจะคุจะ นะ,"มั่ว, ยุ่งเหยิง"
夢中な,muchuu na,มุจู นะ,"หมกมุ่น,จิตใจจดจ่อ"
めまい,memai,เมะไม,เวียนหัว
目立つ,medatsu,เมะดะทสึ,สะดุดตา
めちゃくちゃな,mechakucha na,เมะจะคุจะ นะ,"เกินเหตุ, มั่วไปหมด"
免許,menkyo,เม็นเคียว,ใบอนุญาต
面倒な,Mendou na,เม็นโด นะ,"ยุ่งยาก, ลําบาก"
面倒くさい,mendoukusai,เม็นโดคุไซ,ขี้เกียจ
メンバー,menbaa,เม็มบา,สมาชิก
儲かる,moukaru,โมคะรุ,ได้กําไร
設ける,moukeru,โมเคะรุ,"จัดเตรียม, จัดตั้ง"
申し込む,moushikomu,โมชิโคะมุ,"ยื่นความจํานง, สมัคร"
申し訳,moushiwake,โมชิวะเคะ,"คําแก้ตัว, คําขอโทษ"
毛布,moufu,โมฟุ,ผ้าห่ม
燃える,moeru,โมะเอะรุ,เผา
目的,mokuteki,โมะคุเทะคิ,จุดประสงค์
目標,mokuhyou,โมะคุเฮียว,เป้าหมาย
文字,moji,โมะจิ,อักษร
勿体無い,mottainai,มตไตไน่,น่าเสียดาย
持てる,moteru,โมะเตะรุ,เนื้อหอม
戻す,modosu,โมะโดะสุ,เอากลับไปที่เดิม
基づく,motozuku,โมะโตะซึคุ,"ยึดเป็นหลัก, ยึดเป็นเกณฑ์"
求める,motomeru,โมะโตะเมะรุ,"เรียกร้อง, ร้องขอ"
元々,motomoto,โมะโตะโมะโตะ,"แต่แรก, แต่เดิม"
物置,mono-oki,โมะโนะโอะคิ,ห้องเก็บของ
物音,mono-oto,โมะโนะโอะโตะ,เสียงอะไรบางอย่าง
物差し,monosashi,โมะโนะสะชิ,ไม้บรรทัด
物語,monogatari,โมะโนะงะตะริ,"ตํานาน, เรื่องราว"
物事,monogoto,โมะโนะโกะโตะ,"สิ่งต่างๆ, สรรพสิ่ง"
模様,moyou,โมะโย,ลวดลาย
盛り上がる,moriagaru,โมะริอะงะรุ,ครื้นเครง
文句,monku,มงคุ,คําพูดบ่น
やがて,yagate,ยะงะเทะ,ในไม่ช้า
喧しい,yakamashii,ยะคะมะชี่,"เสียงดัง, เสียงอึกทึก"
火傷,yakedo,ยะเคะโดะ,แผลไฟไหม้หรือนํ้าร้อนลวก
家賃,yachin,ยะจิน,ค่าเช่าบ้าน
厄介な,yakkai na,ยัคไค นะ,"ยุ่งยาก, เป็นภาระ"
破る,yaburu,ยะบุรุ,"ฉีก, ทําขาด, ทําแตก"
やり取り,yaritori,ยะริโทะริ,"การให้และการรับ,การโต้ตอบ"
やる,yaru,ยะรุ,"ทํา, เล่น (กีฬา)"
勇気,yuuki,ยูคิ,ความกล้า
有効,yuukou,ยูโค,มีประสิทธิภาพ
有効期限,yuukoukigen,ยูโคคิเง็น,วันหมดอายุ
優秀,yuushuu,ยูชู,"เป็นเลิศ, ยอดเยี่ยม"
優勝,yuushou,ยูโช,ชนะเลิศ
友情,yuujou,ยูโจ,มิตรภาพ
夕食,yuushoku,ยูโชะคุ,อาหารเย็น
友人,yuujin,ยูจิน,เพื่อน
床,yuka,ยุคะ,พื้น
愉快な,yukai na,ยุไค นะ,ความสนุกสนาน
雪,yuki,ยุคิ,หิมะ
譲る,yuzuru,ยุซุรุ,"ยกให้, ยอมให้"
茹でる,yuderu,ยุเดะรุ,ต้มจนสุกแล้วเทนํ้าทิ้ง
ユーモア,yuumoa,ยูโมะอะ,อารมณ์ขัน
緩い,yurui,ยุรุ่ย,หลวม
許す,yurusu,ยุรุสุ,ยกโทษให้
容易,you-i,โยอิ,"ความง่ายดาย, ความง่าย"
幼児,youji,โยจิ,เด็กเล็กก่อนเข้าเรียน
陽気な,youki na,โยคิ นะ,ร่าเริงสดใส
要求,youkyuu,โยคิว,ข้อเรียกร้อง
預金,yokin,โยะคิง,การฝากเงิน
よく,yoku,โยะคุ,บ่อยๆ
横切る,yokogiru,โยะโคะงิรุ,"ตัดข้าม, ข้ามฟาก"
汚す,yogosu,โยะโงะสุ,ทําเปื้อน
汚れ,yogore,โยะโงะเระ,รอยเปื้อน
予算,yosan,โยะซัง,งบประมาณ
よだれ,yodare,โยะดะเระ,นํ้าลาย
酔っ払い,yopparai,ยปปะไร,การเมา (เหล้า)
酔っ払う,yopparau,ยปปะระอุ,เมา
予報,yohou,โยะโฮ,การพยากรณ์
予防,yobou,โยะโบ,การป้องกันล่วงหน้า
読む,yomu,โยะมุ,อ่าน
嫁,yome,โยะเมะ,ลูกสะใภ้
ライト,raito,ไรโตะ,"แสงไฟ, ไฟฟ้า"
ラップ,rappu,รัปปุ,พลาสติกสําหรับห่ออาหาร
ランチ,ranchi,รันจิ,อาหารกลางวันเป็นชุด
利益,rieki,ริเอะคิ,"กําไร, ผลประโยชน์"
理科,rika,ริคะ,วิทยาศาสตร์
理解する,rikai suru,ริไค ซุรุ,เข้าใจ
利口な,rikou na,ริโค นะ,ฉลาด
理工学部,rikougakubu,ริโคงะคุบุ,คณะวิทยาศาสตร์และวิศวกรรมศาสตร์
立派な,rippa na,ริปปะ นะ,"สง่างาม, ใหญ่โต"
リモコン,rimokon,ริโมะคง,รีโมทคอนโทรล
留学,ryuugaku,ริวงะคุ,การศึกษาต่อต่างประเทศ
流行,ryuukou,ริวโค,เป็นที่นิยม
量,ryou,เรียว,ปริมาณ
両替する,ryougae suru,เรียวงะเอะ ซุรุ,แลกเงิน
料金,ryoukin,เรียวคิง,ค่าธรรมเนียม
領収書,ryoushuusho,เรียวชูโชะ,ใบเสร็จรับเงิน
ルームメート,ruumumeeto,รูมุเมโตะ,เพื่อนร่วมห้อง
ルビー,rubii,รุบี,"ทับทิม,พลอยสีแดง"
礼儀,reigi,เรงิ,กริยามารยาท
礼儀正しい,reigitadashii,เรงิทะดะชี่,สุภาพ
冷静な,reisei na,เรเซ นะ,"สงบเยือกเย็น,สุขุม"
レジ,reji,เระจิ,พนักงานเก็บเงิน
レシート,reshiito,เระชีโตะ,สลิปใบเสร็จรับเงิน
列,retsu,เระทสึ,"แถว, คิว"
列車,ressha,เร็ชชะ,"รถไฟ, ขบวนรถ"
レバー,rebaa,เระบา,"ตับ, ชะแลง, คันโยก"
レポート,repooto,เระโปโตะ,รายงาน
練習する,renshuu suru,เรนชู ซุรุ,ฝึกหัด
連続する,renzoku suru,เรนโซะคุ ซุรุ,ต่อเนื่อง
レンタカー,rentakaa,เรนทะคา,รถเช่า
老人,roujin,โรจิน,"คนแก่, ผู้อาวุโส"
労働,roudou,โรโด,แรงงาน
論文,ronbun,รมบุง,วิทยานิพนธ์
ワイシャツ,waishatsu,ไวชะทสึ,เสื้อเชิ้ต
ワイパー,waipaa,ไวปา,ที่ปัดนํ้าฝน
僅かな,wazuka na,วะซุคะ นะ,"เล็กน้อย, น้อยนิด"
話題,wadai,วะได,หัวข้อสนทนา
笑い顔,waraigao,วะไรกะโอะ,ใบหน้ายิ้มแย้ม
割り勘,warikan,วะริคัง,การเฉลี่ยจ่ายเท่ากันทุกคน
割り算,warizan,วะริซัง,การหาร
悪口,waruguchi,วะรุกุจิ,การนินทา
